part_number,,,,,,,,
101685,,,,,,,,
117712,,,,,,,,
2006487,,,,,,,,
2010582,,,,,,,,
2010585,,,,,,,,
2010598,,,,,,,,
2010605,,,,,,,,
2010607,,,,,,,,
2010608,,,,,,,,
2010609,,,,,,,,
2010611,,,,,,,,
2010620,,,,,,,,
2010621,,,,,,,,
2010626,,,,,,,,
2010627,,,,,,,,
2010737,,,,,,,,
2010956,,,,,,,,
4.50E+18,,,,,,,,
4.50E+25,,,,,,,,
12C90 ,,,,,,,,
1AB3 ,,,,,,,,
1AC46 ,,,,,,,,
1AE40 ,,,,,,,,
1EF39 ,,,,,,,,
1FD45650 ,,,,,,,,
1FG24X ,,,,,,,,
1FG908 ,,,,,,,,
1PT206 ,,,,,,,,
200TBK045A ,,,,,,,,
202PEE456 ,,,,,,,,
204TBB045A ,,,,,,,,
206VLJ482 ,,,,,,,,
208VWG482A ,,,,,,,,
219TBHQ45H ,,,,,,,,
25AL22 ,,,,,,,,
25AL36 ,,,,,,,,
25AL38 ,,,,,,,,
25AL53 ,,,,,,,,
25AL57 ,,,,,,,,
25AL59 ,,,,,,,,
25BC100 ,,,,,,,,
25C188 ,,,,,,,,
25C320 ,,,,,,,,1
25C657 ,,,,,,,,
25D212 ,,,,,,,,
25FXG183X ,,,,,,,,
25G12 ,,,,,,,,
25G27 ,,,,,,,,
25T32 ,,,,,,,,
25T34 ,,,,,,,,
27B5 ,,,,,,,,
2FXG495 ,,,,,,,,
2PT69 ,,,,,,,,
2TA414A ,,,,,,,,
3AE40 ,,,,,,,,
3FO452 ,,,,,,,,
4EF519 ,,,,,,,,
4PA39 ,,,,,,,,
4TA538 ,,,,,,,,
50AS10 ,,,,,,,,
50AS13 ,,,,,,,,
50B7C ,,,,,,,,
50X13 ,,,,,,,,
50Y5 ,,,,,,,,
5C7 ,,,,,,,,
60A319 ,,,,,,,,
60BG2 ,,,,,,,,
60BG24 ,,,,,,,,
60BG7 ,,,,,,,,
60BG9 ,,,,,,,,
60BT11 ,,,,,,,,
60BU101 ,,,,,,,,
60BU29 ,,,,,,,,
60BU74 ,,,,,,,,
60BU74TFE ,,,,,,,,
60BU99 ,,,,,,,,
60CC130 ,,,,,,,,
60D16 ,,,,,,,,
60DD99 ,,,,,,,,
60G3 ,,,,,,,,
65A58 ,,,,,,,,
6PG206 ,,,,,,,,
78D83 ,,,,,,,,
79A119 ,,,,,,,,
7FG452 ,,,,,,,,
AB128 ,,,,,,,,
AB129 ,,,,,,,,
AB12X ,,,,,,,,
AB15 ,,,,,,,,
AB16 ,,,,,,,,
AB2 ,,,,,,,,
AB21 ,,,,,,,,
AB24X ,,,,,,,,
AB25 ,,,,,,,,
AB26 ,,,,,,,,
AB28 ,,,,,,,,
AB30 ,,,,,,,,
AB36 ,,,,,,,,
AB37 ,,,,,,,,
AB40 ,,,,,,,,
AB5 ,,,,,,,,
AB6 ,,,,,,,,
AB60 ,,,,,,,,
AB65 ,,,,,,,,
AB672 ,,,,,,,,
AB7 ,,,,,,,,
AC45 ,,,,,,,,
AE39 ,,,,,,,,
AE69 ,,,,,,,,
AG22 ,,,,,,,,
AG318 ,,,,,,,,
AG39 ,,,,,,,,
BC318 ,,,,,,,,
BE158 ,,,,,,,,
C1J2A2 ,,,,,,,,
C1J4A1 ,,,,,,,,
EK152 ,,,,,,,,
FD217 ,,,,,,,,
FD45655 ,,,,,,,,
FF317 ,,,,,,,,
FF928 ,,,,,,,,
FG21 ,,,,,,,,
FG317 ,,,,,,,,
FXF289 ,,,,,,,,
PG39 ,,,,,,,,
PQ15220 ,,,,,,,,
PS44525 ,,,,,,,,
PT15225 ,,,,,,,,
SST72551 ,,,,,,,,
TA3160030 ,,,,,,,,
TA3226 ,,,,,,,,
TA4113 ,,,,,,,,
TA5840 ,,,,,,,,
TBA76002 ,,,,,,,,
TBB76013 ,,,,,,,,
TBB76022 ,,,,,,,,