part_number,,
5.00E+04,,
5.00E+06,,
5.00E+08,,
5.00E+12,,
5.00E+30,,
6.20E+67,,
760,,
1133,,
1573,,
3729,,
3746,,
10729,,
18327,,
19075,,
26716,,
60147,,
71038,,
71050,,
71138,,
100146,,
100527,,
103193,,
103194,,
104054,,
104375,,
105129,,
105133,,
105135,,
105143,,
105144,,
105147,,
105148,,
105150,,
105165,,
105166,,
105167,,
105169,,
105170,,
105173,,
105176,,
105188,,
105189,,
105190,,
105192,,
105205,,
105208,,
105210,,
105211,,
105216,,
105230,,
105240,,
105282,,
105283,,
105514,,
106096,,
106713,,
106748,,
107800,,
107871,,
108859,,
111025,,
112602,,
112635,,
117699,,
118011,,
118012,,
119327,,
119375,,
119483,,
119488,,
120080,,
120082,,
120084,,
120086,,
120296,,
120307,,
120312,,
120553,,
120554,,
120556,,
120560,,
120886,,
120888,,
121066,,
121071,,
121072,,
121073,,
121075,,
121077,,
121085,,
121107,,
121109,,
121111,,
121113,,
121114,,
121116,,
121381,,
121399,,
121507,,
121532,,
122317,,
122318,,
122328,,
122650,,
122651,,
122785,,
122787,,
122837,,
122838,,
122949,,
123072,,
123074,,
123076,,
123078,,
123209,,
123311,,
123844,,
123879,,
123980,,
124366,,
124853,,
124919,,
125558,,
125560,,
125648,,
126156,,
127260,,
127263,,
127583,,
136928,,
137879,,
139324,,
140429,,
141617,,
141618,,
141619,,
141658,,
143447,,
143628,,
143721,,
143722,,
143723,,
143725,,
144712,,
146786,,
146788,,
146831,,
146983,,
147735,,
147983,,
149269,,
149270,,
150714,,
151018,,
151432,,
152100,,
152617,,
153729,,
153919,,
154564,,
154838,,
154882,,
154928,,
157772,,
159877,,
161902,,
162479,,
162523,,
163538,,
163547,,
163739,,
164759,,
164766,,
164798,,
165507,,
166458,,
166572,,
167136,,
168000,,
168438,,
169636,,
170081,,
170322,,
170409,,
170697,,
170732,,
170762,,
170768,,
170769,,
170798,,
171019,,
171050,,
173030,,
173212,,
173215,,
173220,,
173249,,
173259,,
173264,,
175423,,
175424,,
175526,,
175772,,
177569,,
178509,,
178598,,
179036,,
182246,,
182400,,
184277,,
185351,,
186225,,
186228,,
186230,,
186336,,
186582,,
186675,,
186727,,
189045,,
190353,,
191088,,
197666,,
201197,,
405213,,
500027,,
501658,,
530039,,
534618,,
7.00E+05,,
1017200,,
1028014,,
1028027,,
1028124,,
1028144,,
1028166,,
1028170,,
1028171,,
1028172,,
1028174,,
1028175,,
1028176,,
1028177,,
1028178,,
1028179,,
1028191,,
1028192,,
1028193,,
1028194,,
1028196,,
1028197,,
1028199,,
1028265,,
1028278,,
1028292,,
1028293,,
1028327,,
1028394,,
1028395,,
1028396,,
1028482,,
1028494,,
1028504,,
1028511,,
1028512,,
1028516,,
1028554,,
1028557,,
1028558,,
1028560,,
1028579,,
1028580,,
1028608,,
1028609,,
1028636,,
1028646,,
1028709,,
1028779,,
1028898,,
1028909,,
1028933,,
1028934,,
1028935,,
1028936,,
1028937,,
1028982,,
1029032,,
1029039,,
1029040,,
1029049,,
1029051,,
1029052,,
1029053,,
1029054,,
1029055,,
1029056,,
1029057,,
1029058,,
1029059,,
1029060,,
1029061,,
1029117,,
1029123,,
1029189,,
1029190,,
1029227,,
1029229,,
1029258,,
1029259,,
1029260,,
1029261,,
1029262,,
1029263,,
1029264,,
1029265,,
1029273,,
1029319,,
1029326,,
1029332,,
1029336,,
1029338,,
1029358,,
1029359,,
1029360,,
1029388,,
1029389,,
1029391,,
1029392,,
1029394,,
1029395,,
1029396,,
1029397,,
1029399,,
1029402,,
1029430,,
1029434,,
1029605,,
1029700,,
1029759,,
1029761,,
1029836,,
1029844,,
1029845,,
1029848,,
1029853,,
1029859,,
1029868,,
1029883,,
1029886,,
1029890,,
1029900,,
1029902,,
1029906,,
1029907,,
1029955,,
1029959,,
1029960,,
1030780,,
1030781,,
1030786,,
1030802,,
1030834,,
1030843,,
1030845,,
1030856,,
1030878,,
1030914,,
1031110,,
1031758,,
1031946,,
1032530,,
1032531,,
1032533,,
1032598,,
1033471,,
1033739,,
1033748,,
1033994,,
1034145,,
1034172,,
1034190,,
1034361,,
1034362,,
1034369,,
1034572,,
1034674,,
1034676,,
1034997,,
1035557,,
1035607,,
1035608,,
1035652,,
1035667,,
1035721,,
1035758,,
1035761,,
1035841,,
1035855,,
1035907,,
1036272,,
1036298,,
1036688,,
1036703,,
1036719,,
1036721,,
1036722,,
1036774,,
1036876,,
1036928,,
1037022,,
1037163,,
1037201,,
1037206,,
1037383,,
1037605,,
1037866,,
1037896,,
1037903,,
1037907,,
1037910,,
1037911,,
1037912,,
1037913,,
1037930,,
1037989,,
1037994,,
1038088,,
1038305,,
1038306,,
1038307,,
1038314,,
1038318,,
1038329,,
1038333,,
1038363,,
1038390,,
1038399,,
1038449,,
1038457,,
1038474,,
1038504,,
1038518,,
1038546,,
1038562,,
1038608,,
1038610,,
1038755,,
1038779,,
1038785,,
1038801,,
1038857,,
1038884,,
1039010,,
1039046,,
1039050,,
1039082,,
1039134,,
1039138,,
1039146,,
1039163,,
1039261,,
1039265,,
1039450,,
1039465,,
1039515,,
1039539,,
1039542,,
1039619,,
1039706,,
1039728,,
1039798,,
1039806,,
1039811,,
1039860,,
1039882,,
1039905,,
1039913,,
1039925,,
1039949,,
1039986,,
1040018,,
1040022,,
1040171,,
1040178,,
1040182,,
1040198,,
1040244,,
1040696,,
1040708,,
1040720,,
1040721,,
1040729,,
1040733,,
1040737,,
1040741,,
1040744,,
1040749,,
1040777,,
1040789,,
1040795,,
1040872,,
1040878,,
1040882,,
1040885,,
1040891,,
1040898,,
1040906,,
1040954,,
1040992,,
1041181,,
1041187,,
1041188,,
1041196,,
1041263,,
1041273,,
1041277,,
1041285,,
1041286,,
1041290,,
1041292,,
1041294,,
1041295,,
1041552,,
1041578,,
1041582,,
1041937,,
1041967,,
1042195,,
1042196,,
1042200,,
1042203,,
1042204,,
1042205,,
1042207,,
1042225,,
1042305,,
1042313,,
1042365,,
1042382,,
1042496,,
1042941,,
1045046,,
1045058,,
1045133,,
1045164,,
1045252,,
1045275,,
1045348,,
1045361,,
1045372,,
1045481,,
1045561,,
1045616,,
1045660,,
1045685,,
1045715,,
1045796,,
1045798,,
1045804,,
1045812,,
1045851,,
1045871,,
1045874,,
1045900,,
1045918,,
1045918,,
1045926,,
1045938,,
1045963,,
1045969,,
1045976,,
1045982,,
1045988,,
1046023,,
1046030,,
1046042,,
1046049,,
1046079,,
1046087,,
1046093,,
1046099,,
1046153,,
1046159,,
1046186,,
1046291,,
1046450,,
1046589,,
1046597,,
1046601,,
1046605,,
1046621,,
1046623,,
1046627,,
1046637,,
1046641,,
1046649,,
1046651,,
1046668,,
1046672,,
1046680,,
1046693,,
1046699,,
1046721,,
1046757,,
1047302,,
1047312,,
1047725,,
1047743,,
1047782,,
1047841,,
1047842,,
1047864,,
1047865,,
1047866,,
1047867,,
1047869,,
1047870,,
1047871,,
1047872,,
1047873,,
1047874,,
1048096,,
1048097,,
1048098,,
1048107,,
1048261,,
1048360,,
1048397,,
1048398,,
1048400,,
1048403,,
1048458,,
1048459,,
1048527,,
1048533,,
1048535,,
1048537,,
1048542,,
1048809,,
1048812,,
1048837,,
1048843,,
1049075,,
1049614,,
1049668,,
1049735,,
1049742,,
1049789,,
1049790,,
1049793,,
1049799,,
1049801,,
1049812,,
1049813,,
1049856,,
1049941,,
1049957,,
1049979,,
1050010,,
1050018,,
1050067,,
1050068,,
1050069,,
1050070,,
1050071,,
1050072,,
1050073,,
1050074,,
1050075,,
1050076,,
1050077,,
1050078,,
1050081,,
1050082,,
1050085,,
1050089,,
1050091,,
1050092,,
1050094,,
1050197,,
1050242,,
1050271,,
1050304,,
1050341,,
1050347,,
1050357,,
1050381,,
1050391,,
1050596,,
1050664,,
1050671,,
1050693,,
1050696,,
1050699,,
1050757,,
1050768,,
1050776,,
1050875,,
1050878,,
1050903,,
1050905,,
1050906,,
1050908,,
1050917,,
1050918,,
1050983,,
1051056,,
1051059,,
1051106,,
1051111,,
1051134,,
1051144,,
1051145,,
1051183,,
1051236,,
1051259,,
1051286,,
1051370,,
1051401,,
1051590,,
1051785,,
1051792,,
1051794,,
1051912,,
1051996,,
1051998,,
1052048,,
1052049,,
1052059,,
1052120,,
1052174,,
1052373,,
1052374,,
1052376,,
1052431,,
1052479,,
1052495,,
1052561,,
1052568,,
1052569,,
1052575,,
1052590,,
1052592,,
1052633,,
1052656,,
1052659,,
1052660,,
1052661,,
1052667,,
1052668,,
1052670,,
1052671,,
1052672,,
1052673,,
1052675,,
1052676,,
1052702,,
1052870,,
1052882,,
1052888,,
1052906,,
1052969,,
1052973,,
1053025,,
1053201,,
1053206,,
1053285,,
1053293,,
1053373,,
1053382,,
1053383,,
1053440,,
1053501,,
1053532,,
1053939,,
1053943,,
1053971,,
1053972,,
1054016,,
1054151,,
1054152,,
1054167,,
1054230,,
1054264,,
1054286,,
1054287,,
1054409,,
1054434,,
1054451,,
1054478,,
1054521,,
1054759,,
1054764,,
1054797,,
1054802,,
1054826,,
1054856,,
1055207,,
1055361,,
1055383,,
1055443,,
1055508,,
1055524,,
1055528,,
1055545,,
1055587,,
1055589,,
1055590,,
1055809,,
1055830,,
1055983,,
1055987,,
1055990,,
1056026,,
1056027,,
1056071,,
1056088,,
1056105,,
1056158,,
1056217,,
1056226,,
1056379,,
1056586,,
1056587,,
1056697,,
1056702,,
1056722,,
1056723,,
1056725,,
1056726,,
1056825,,
1056841,,
1056842,,
1056870,,
1056990,,
1057009,,
1057117,,
1057381,,
1057459,,
1057460,,
1057507,,
1057632,,
1057726,,
1057758,,
1057778,,
1057779,,
1057795,,
1057856,,
1057872,,
1057910,,
1057927,,
1057993,,
1058009,,
1058023,,
1058147,,
1058236,,
1058401,,
1058402,,
1058416,,
1058437,,
1058457,,
1058460,,
1058464,,
1058488,,
1058532,,
1058533,,
1058541,,
1058545,,
1058549,,
1058563,,
1058573,,
1058623,,
1058625,,
1058627,,
1058636,,
1058670,,
1058672,,
1058683,,
1058689,,
1058697,,
1058698,,
1058699,,
1058700,,
1058703,,
1058705,,
1058715,,
1058719,,
1058770,,
1058783,,
1058798,,
1058817,,
1058856,,
1058858,,
1058867,,
1058875,,
1058882,,
1058898,,
1058899,,
1058901,,
1058943,,
1058959,,
1058973,,
1058974,,
1058981,,
1059009,,
1059053,,
1059058,,
1059059,,
1059061,,
1059063,,
1059210,,
1155016,,
1155072,,
1155091,,
1155138,,
1155140,,
1155162,,
1155168,,
1155170,,
1155178,,
1155300,,
1155301,,
1155306,,
1155307,,
1155309,,
1155311,,
1155313,,
1155314,,
1155315,,
1155316,,
1155371,,
1155374,,
1155438,,
1155491,,
1155505,,
1155510,,
1155517,,
1155618,,
1155683,,
1155742,,
1155813,,
1155879,,
1155932,,
1155996,,
1156233,,
1156306,,
1156353,,
1156780,,
1157065,,
1157077,,
1157083,,
1157114,,
1157219,,
1157245,,
1157509,,
1157510,,
1157591,,
1157690,,
1157713,,
1157714,,
1157883,,
1157939,,
1157993,,
1158022,,
1400168,,
1400214,,
1400216,,
1400379,,
1400524,,
1400529,,
1400565,,
1400699,,
1400898,,
1401044,,
1401505,,
1402217,,
1402232,,
1402464,,
1402473,,
1402600,,
1402796,,
1402797,,
1402817,,
1402932,,
1402967,,
1403079,,
1403391,,
1403424,,
1403471,,
1403523,,
1403526,,
1403529,,
1403553,,
1403554,,
1403555,,
1403585,,
1403994,,
1403995,,
1403996,,
1403997,,
1404065,,
1404172,,
1404173,,
1404638,,
1405079,,
1405175,,
1405189,,
1405213,,
1405214,,
1405215,,
1405216,,
1405219,,
1405221,,
1405222,,
1405223,,
1405224,,
1405225,,
1405226,,
1405228,,
1405230,,
1405232,,
1405236,,
1405254,,
1405255,,
1405256,,
1405257,,
1405258,,
1405259,,
1405260,,
1405261,,
1405262,,
1405264,,
1405274,,
1405275,,
1405282,,
1405305,,
1405594,,
1405602,,
1405618,,
1405631,,
1405741,,
1405742,,
1405772,,
1405773,,
1405991,,
1406056,,
1406198,,
1406199,,
1406418,,
1406447,,
1406448,,
1406587,,
1406855,,
1407050,,
1407084,,
1407192,,
1407275,,
1407278,,
1407854,,
1407859,,
1408281,,
1408858,,
1408943,,
1408954,,
1408955,,
1409176,,
1409187,,
1410112,,
1410177,,
1410199,,
1410200,,
1410201,,
1410202,,
1410204,,
1410206,,
1410209,,
1410211,,
1410212,,
1410218,,
1410223,,
1410344,,
1410356,,
1410357,,
1410364,,
1410400,,
1410401,,
1410402,,
1410473,,
1410474,,
1410707,,
1410708,,
1410734,,
1410828,,
1410832,,
1410834,,
1410947,,
1411013,,
1411033,,
1411035,,
1411223,,
1411468,,
1411592,,
1411943,,
1412334,,
1412896,,
1412924,,
1412999,,
1414254,,
1414726,,
1414832,,
1414833,,
1415314,,
1415808,,
1415950,,
1415999,,
1416124,,
1416125,,
1416126,,
1416481,,
1416488,,
1416647,,
1417480,,
1417651,,
1417851,,
1417860,,
1418724,,
1419018,,
1419333,,
1419537,,
1419751,,
1419752,,
1420066,,
1421613,,
1421614,,
1421615,,
1421624,,
1421625,,
1421626,,
1421627,,
1421628,,
1421629,,
1421631,,
1421634,,
1421635,,
1421636,,
1421695,,
1421709,,
1422305,,
1755741,,
1755842,,
1755954,,
1756089,,
1756096,,
2006166,,
2006989,,
2007020,,
2007368,,
2007444,,
2007445,,
2008014,,
2008016,,
2008017,,
2008018,,
2008019,,
2008021,,
2008033,,
2008037,,
2008038,,
2008160,,
2008501,,
2008503,,
2008521,,
2008523,,
2008524,,
2008537,,
2008545,,
2008553,,
2008581,,
2008685,,
2008864,,
2008891,,
2008907,,
2009195,,
2009281,,
2009527,,
2009629,,
2009688,,
2009748,,
2009882,,
2009900,,
2010080,,
2010249,,
2010338,,
2010342,,
2010348,,
2010351,,
2010353,,
2010354,,
2010360,,
2010485,,
2010491,,
2010540,,
2010544,,
2010560,,
2010564,,
2010678,,
2010681,,
2010827,,
2010856,,
2010870,,
2012296,,
2012305,,
2013458,,
2013537,,
2013791,,
2014136,,
2014465,,
2014476,,
2014704,,
2109369,,
2109466,,
4068014,,
5000810,,
5005691,,
5010806,,
5014738,,
5014739,,
5018495,,
5020077,,
5101519,,
5104855,,
5625961,,
5825302,,
5826970,,
5827546,,
5827642,,
5828426,,
5829814,,
5840406,,
5842211,,
5880284,,
5990186,,
5990214,,
5990218,,
5990459,,
5990474,,
5990535,,
5990547,,
5990638,,
5990647,,
5990649,,
5990691,,
5990798,,
5990799,,
5990819,,
5991095,,
5991180,,
7682580,,
1037906SP ,,
1037907SP ,,
1038610-36 ,,
1040775SP ,,
1058507-1 ,,
1058898-1 ,,
1059063-1 ,,
1059064-1 ,,
10713A ,,
10713BA ,,
10713C ,,
10713D ,,
10713G ,,
10713SA ,,
10713SB ,,
10736EA ,,
10736H ,,
10736K ,,
10736SA ,,
1078WA ,,
107H7T ,,
10C4 ,,
11812DE ,,
11A7BN ,,
11FG39 ,,
12BA48 ,,
12BA7 ,,
12BUW486 ,,
12BUW763 ,,
12C77 ,,
12C92 ,,
12G15 ,,
12GD6 ,,
12GE1 ,,
12GE19 ,,
12GE3 ,,
12GE7 ,,
12GG1 ,,
12GG2 ,,
12GH1 ,,
12J11 ,,
12J15 ,,
12J17 ,,
12J22 ,,
12J23 ,,
12J24 ,,
12J25 ,,
12J27 ,,
12J28 ,,
12J29 ,,
12J30 ,,
12J32 ,,
12J33 ,,
12J34 ,,
12J35 ,,
12J36 ,,
12J37 ,,
12J38 ,,
12J41 ,,
12J44 ,,
12J58 ,,
12J59 ,,
12J61 ,,
12J68 ,,
12J7 ,,
12J9 ,,
12MSB223 ,,
12MSB388A ,,
12P33 ,,
12P5 ,,
12RA28 ,,
1401473-T1 ,,
1401713-75 ,,
1402015-T38 ,,
1402473-17 ,,
1402473-6 ,,
1402600-T11 ,,
1405198-T1 ,,
1405220-1 ,,
1407002-T17 ,,
1407002-T22 ,,
1407002-T40 ,,
1407002-T46 ,,
1407002-T47 ,,
1407002-T48 ,,
1407091-K1 ,,
1407207-T9 ,,
1410949-T1 ,,
1412862-T1 ,,
14AUX79 ,,
1512C ,,
1512GB ,,
15AA3 ,,
1711A ,,
1739A ,,
173N ,,
173W ,,
17L7CL ,,
17L7CR ,,
1812B ,,
1812C ,,
1812D ,,
1812PL ,,
1812SL ,,
182B ,,
1APC763C ,,
1B671 ,,
1B6715 ,,
1B6715A ,,
1B6715X ,,
1B6717 ,,
1B6717X ,,
1B67715 ,,
1B72278 ,,
1B72278A ,,
1B87B267 ,,
1B87B594 ,,
1B87C1 ,,
1B87C15 ,,
1B87C15A ,,
1B87C15X ,,
1B87C630 ,,
1B87C715 ,,
1B87C763 ,,
1B87C920 ,,
1B87C933 ,,
1B87C933X ,,
1CH1 ,,
1CH3B763 ,,
1CL5341 ,,
1D23275 ,,
1D23275X ,,
1D93278 ,,
1D93949 ,,
1D93A825 ,,
1D93L485A ,,
1D93L757T ,,
1D93L935 ,,
1DH231 ,,
1DH2315 ,,
1DH2317A ,,
1DH231D ,,
1DH232 ,,
1DH2327 ,,
1DH2327B ,,
1DH2327C ,,
1DH232X ,,
1DH23311X ,,
1DH23347 ,,
1DH23571 ,,
1DH23602 ,,
1DH23726 ,,
1DH23786 ,,
1DH239 ,,
1DH239A ,,
1DM713 ,,
1DMC211C ,,
1DMC599A ,,
1DMC763 ,,
1DMC888 ,,
1DMCH223 ,,
1DMCH255 ,,
1DMCH718 ,,
1DMCM211 ,,
1DMCP211H ,,
1DMCP255 ,,
1DMCT172 ,,
1DMCT172AT ,,
1DMCT349 ,,
1DMCT515 ,,
1DMCT515A ,,
1DMCT515B ,,
1DMCT777 ,,
1DPAT6 ,,
1DPPC223 ,,
1DPPC223A ,,
1DPPC223B ,,
1DPPC283 ,,
1DPPC290 ,,
1DPPC290B ,,
1DPPC579 ,,
1DPPC579A ,,
1DPPC579B ,,
1DPPC579C ,,
1DPPC579D ,,
1DPPC818 ,,
1DPT160B ,,
1DPT290 ,,
1DPT5 ,,
1DPT628 ,,
1DPT760A ,,
1DPTL135 ,,
1DPTL180A ,,
1DPTL290 ,,
1DPTL323 ,,
1DPTL579 ,,
1DPTL579A ,,
1DPTL579B ,,
1DPTL628 ,,
1DPU10 ,,
1DPU11 ,,
1DPU212 ,,
1DPU214 ,,
1DPU283 ,,
1DPU290 ,,
1DPU3 ,,
1DPU36 ,,
1DPU579 ,,
1DPU594 ,,
1DPUL290 ,,
1DPUL290B ,,
1DPUL323 ,,
1DPUL579 ,,
1FG452 ,,
1FL6468 ,,
1FL727B ,,
1FL7310X ,,
1FL7468 ,,
1FL7594 ,,
1FL9124 ,,
1HCF223 ,,
1HCF229X ,,
1HCF255 ,,
1HCF412D ,,
1HCF718 ,,
1HCF725 ,,
1HCF783 ,,
1HDM8172 ,,
1HDM8223 ,,
1HDM8361 ,,
1HDM8414 ,,
1HDM8948 ,,
1HEE6 ,,
1HFM172 ,,
1HFM254X ,,
1HFM256A ,,
1HFM290B ,,
1HFM290D ,,
1HFM290E ,,
1HFM578A ,,
1HFM578B ,,
1HFM686 ,,
1HFM810 ,,
1HFM875 ,,
1HFM948A ,,
1HPD941A ,,
1HPR115 ,,
1HPR15A ,,
1HPR16 ,,
1HPR163A ,,
1HPR164 ,,
1HPR17 ,,
1HPR19 ,,
1HPR2 ,,
1HPR223CT ,,
1HPR23 ,,
1HPR24 ,,
1HPR274 ,,
1HPR27A ,,
1HPR27B ,,
1HPR296A ,,
1HPR3 ,,
1HPR3-1 ,,
1HPR350-1 ,,
1HPR362 ,,
1HPR485 ,,
1HPR485B ,,
1HPR488AT ,,
1HPR488B ,,
1HPR488C ,,
1HPR488T ,,
1HPR512 ,,
1HPR602 ,,
1HPR602C ,,
1HPR619 ,,
1HPR619A ,,
1HPR621 ,,
1HPR624 ,,
1HPR624A ,,
1HPR624C ,,
1HPR625 ,,
1HPR625T ,,
1HPR7 ,,
1HPR763 ,,
1HPR7A ,,
1HPR80 ,,
1HPR810X ,,
1HPR86 ,,
1HPR9-2 ,,
1HPR920T ,,
1HPR933A ,,
1HPR935 ,,
1IMP3496 ,,
1IMP3770X ,,
1J86 ,,
1J92 ,,
1JHPU648X ,,
1JSP86 ,,
1JT466 ,,
1JTB209 ,,
1JTB223 ,,
1JTB86 ,,
1JTE53 ,,
1JTE55 ,,
1JTI193X ,,
1JTI290 ,,
1JTPH579 ,,
1JTPH579A ,,
1JTPH579B ,,
1JTPH579C ,,
1JTPH579D ,,
1JTPH579E ,,
1JTPH667A ,,
1JTPH667B ,,
1JTPH667C ,,
1JTPH763A ,,
1JTPT223B ,,
1JTPT778 ,,
1JTW86 ,,
1KP509 ,,
1M2MS163A ,,
1M2MS18 ,,
1M2MS246 ,,
1M2MS440 ,,
1M2MS442 ,,
1M2MS442A ,,
1M2MS448 ,,
1M2MS599 ,,
1M2MS599A ,,
1M2MS611 ,,
1M2MS87A ,,
1M2MS87B ,,
1M2MS941 ,,
1MB30X ,,
1MB31 ,,
1MEBT2 ,,
1MEBT8 ,,
1MEG40 ,,
1MERM115 ,,
1MERM86 ,,
1MM20 ,,
1MM38 ,,
1MMG1 ,,
1MMGC54S ,,
1MMGC84 ,,
1MOD158 ,,
1MOD613C ,,
1MR30940 ,,
1MR50940 ,,
1PR2315 ,,
1PR2317A ,,
1PR23277D ,,
1PR23280 ,,
1PR23543X ,,
1PR23702X ,,
1PR2381A ,,
1PR2381B ,,
1PR23945A ,,
1PR23946 ,,
1PR33115 ,,
1PR33163 ,,
1PR331AA ,,
1PR3327 ,,
1PR33274 ,,
1PR33275 ,,
1PR33275B ,,
1PR33277 ,,
1PR33280 ,,
1PR3381 ,,
1PR3381B ,,
1PR33920 ,,
1PR33944 ,,
1PR33944A ,,
1PR43347 ,,
1PR551 ,,
1PR55127 ,,
1PR55127A ,,
1PR55127B ,,
1PR55127D ,,
1PR55163 ,,
1PR5517A ,,
1PR5517B ,,
1PR5517X ,,
1PR552 ,,
1PR55205 ,,
1PR55223 ,,
1PR55223A ,,
1PR55223B ,,
1PR5527 ,,
1PR55275 ,,
1PR55275A ,,
1PR55275D ,,
1PR55275X ,,
1PR55277 ,,
1PR55277A ,,
1PR55278B ,,
1PR55278D ,,
1PR55278E ,,
1PR55282 ,,
1PR552A ,,
1PR552X ,,
1PR553 ,,
1PR55349 ,,
1PR55440 ,,
1PR55442A ,,
1PR55496 ,,
1PR55496A ,,
1PR55496B ,,
1PR55543T ,,
1PR55579 ,,
1PR55599 ,,
1PR55599A ,,
1PR55602B ,,
1PR55602C ,,
1PR55602X ,,
1PR55618 ,,
1PR55669 ,,
1PR55686 ,,
1PR55686A ,,
1PR55687 ,,
1PR557 ,,
1PR55715A ,,
1PR55715B ,,
1PR55763 ,,
1PR55786 ,,
1PR5580 ,,
1PR5580A ,,
1PR5580X ,,
1PR5581 ,,
1PR5586 ,,
1PR559 ,,
1PR55947B ,,
1PR66147 ,,
1PR66147X ,,
1PR6617C ,,
1PR66223 ,,
1PR66223B ,,
1PR66223D ,,
1PR66275B ,,
1PR66277A ,,
1PR6627A ,,
1PR662A ,,
1PR663 ,,
1PR66351 ,,
1PR66488A ,,
1PR66618C ,,
1PR66618D ,,
1PR66618E ,,
1PR66687 ,,
1PR6681 ,,
1PR6681A ,,
1PR80147X ,,
1PR8017 ,,
1PR8017A ,,
1PR801A ,,
1PR80223A ,,
1PR80275B ,,
1PR80277 ,,
1PR80277B ,,
1PR80278B ,,
1PR8027A ,,
1PR80285 ,,
1PR802AX ,,
1PR802B ,,
1PR803 ,,
1PR8040A ,,
1PR8040B ,,
1PR8040C ,,
1PR8040X ,,
1PR80442 ,,
1PR80443 ,,
1PR80443A ,,
1PR80496 ,,
1PR80579 ,,
1PR80599A ,,
1PR807 ,,
1PR80715A ,,
1PR80763A ,,
1PR80763B ,,
1PR80763D ,,
1PR807A ,,
1PR807B ,,
1PR80825 ,,
1PR8089A ,,
1PR809 ,,
1PR80920 ,,
1PR80948A ,,
1PV23115 ,,
1PV2315 ,,
1PV23223AT ,,
1PV23275 ,,
1PV23277 ,,
1PV23278A ,,
1R83124 ,,
1R8320 ,,
1R8320C ,,
1R8320D ,,
1R83275 ,,
1R832X ,,
1R834 ,,
1R834B ,,
1R835 ,,
1R83506 ,,
1R835J ,,
1R835M ,,
1R836BX ,,
1R836X ,,
1R838 ,,
1R83M1 ,,
1RB834 ,,
1RB83469T ,,
1RB94124 ,,
1RB94124A ,,
1RB9420 ,,
1RB9420A ,,
1RB94506 ,,
1RB99Q10 ,,
1RCV15 ,,
1RCV349 ,,
1RCV430 ,,
1RCV639A ,,
1RCV639B ,,
1RMEA180 ,,
1RMEA180A ,,
1RMEA212 ,,
1RMEA212D ,,
1RMEA599 ,,
1RMEA599D ,,
1RMEA743 ,,
1RMEA763 ,,
1RMEA777 ,,
1RMEA809 ,,
1RMEA809A ,,
1RMEA89X ,,
1RMEA948 ,,
1RMEA948A ,,
1RMEA948C ,,
1RMEA948D ,,
1RMEH212 ,,
1S12541 ,,
1S35676 ,,
1S48675 ,,
1S48715 ,,
1S48F278A ,,
1S48F278B ,,
1S5511 ,,
1S552 ,,
1S55278 ,,
1S58F2 ,,
1S58F2X ,,
1S58F468 ,,
1S83F127A ,,
1S83F2 ,,
1S83F3 ,,
1S83F702X ,,
1S83F715 ,,
1S83F715A ,,
1S83F780X ,,
1S83F9 ,,
1S83M1 ,,
1SP2717 ,,
1SP27278 ,,
1SP27278A ,,
1SP27777A ,,
1TF14124 ,,
1TF14376 ,,
1TFL1420 ,,
1TFL1420A ,,
1TFL1420AB ,,
1TFL1420AL ,,
1TFL1420B ,,
1TFL6124 ,,
1TFL620B ,,
1TFL620C ,,
1TFL6376 ,,
1TFL6468 ,,
1TFL6506 ,,
1TFL6506A ,,
1V40M816 ,,
1V4517 ,,
1V45275A ,,
1V45319 ,,
1V45320A ,,
1V45618 ,,
1V45625F ,,
1V45669 ,,
1V45686 ,,
1V4581A ,,
1V4586A ,,
1V4587 ,,
1V45920A ,,
1VL942C ,,
1VP4940 ,,
1VP8940 ,,
200MAA502 ,,
200MAM502 ,,
200MMG181 ,,
202SPH123A ,,
20729UA ,,
21D18 ,,
24CA731 ,,
25AA1 ,,
25AH1 ,,
25AM10 ,,
25AM3 ,,
25AM7 ,,
25BC139 ,,
25BC202 ,,
25C1949 ,,
25C2397 ,,
25C2399 ,,
25C2487 ,,
25G18 ,,
25W15 ,,
25W39 ,,
25W40 ,,
25W44 ,,
25W54 ,,
26A43 ,,
26C1 ,,
27AF ,,
27H11 ,,
27P54 ,,
2812PL ,,
282A ,,
283BA ,,
289B ,,
28A1 ,,
28A36 ,,
28A36A ,,
28A36F ,,
28A36G ,,
28A7CA ,,
28C7 ,,
28E7C ,,
29Z19 ,,
2DPT36 ,,
2DPT5 ,,
2DPT86 ,,
2DPU5 ,,
2J86 ,,
2JTW86 ,,
2MC12105 ,,
2MC12106 ,,
2MC12110 ,,
2MC1253 ,,
2MC1291 ,,
2MEBT6 ,,
2MM39 ,,
2MMG1 ,,
2MS118 ,,
2MS135 ,,
2MS162 ,,
2MS303 ,,
2MS304 ,,
2MS80 ,,
2MSA132 ,,
2MSA174 ,,
2MSA304 ,,
2MSU304 ,,
2R125775A ,,
30XFA ,,
33C56 ,,
33D3 ,,
347B ,,
347C ,,
35B207 ,,
35B215 ,,
35B229 ,,
35C113 ,,
35D1 ,,
35D13 ,,
35D2 ,,
3728N ,,
377B ,,
377LLB ,,
377LLF ,,
377LLH ,,
377TLB ,,
3DPT12 ,,
3DPT86 ,,
3DPU3 ,,
3FO452 ,,
3HMT7 ,,
3MC10489 ,,
3MM20 ,,
4DPT12 ,,
4JTB79 ,,
4JTB86 ,,
4MMG1 ,,
50AH8 ,,
50B5 ,,
50B8 ,,
54C165 ,,
5DPU86 ,,
5HMT8 ,,
5HMT84 ,,
603B ,,
60AM35 ,,
60AM47 ,,
60AM49 ,,
60DA310 ,,
60DD21 ,,
60DD94 ,,
60DD95 ,,
60G1 ,,
60G103 ,,
60G115 ,,
60G116 ,,
60G117 ,,
60G118 ,,
60G120 ,,
60G130 ,,
60G139 ,,
60G144 ,,
60G147 ,,
60G148 ,,
60G149 ,,
60G155 ,,
60G217 ,,
60G228 ,,
60G31 ,,
60G41 ,,
60G47 ,,
60G87 ,,
60G94 ,,
62A156 ,,
62A159 ,,
62A160 ,,
62C39 ,,
62C40 ,,
62C42 ,,
62C46 ,,
62L147 ,,
62L2 ,,
62L22 ,,
62L23 ,,
62L25 ,,
62L35 ,,
62L36 ,,
62L40 ,,
62L42 ,,
62L46 ,,
62L47 ,,
62L7 ,,
62R172 ,,
62R174 ,,
63U2X162 ,,
64AA4 ,,
64AA5 ,,
64AA6 ,,
64AN1 ,,
64B4 ,,
64D10 ,,
65A219 ,,
65A220 ,,
65A221 ,,
65A222 ,,
65A223 ,,
65A224 ,,
65A225 ,,
65A258 ,,
65AA4 ,,
65W1 ,,
65W12 ,,
65W14 ,,
65W19 ,,
65W20 ,,
65W23 ,,
65W24 ,,
65W3 ,,
65W45 ,,
65W47 ,,
65W48 ,,
66A12 ,,
6MC10104 ,,
6MC10108 ,,
6MC1013 ,,
6MC1013Z ,,
6MC1039 ,,
6MC1078 ,,
6MC1080A ,,
6MC1081 ,,
6MC1082 ,,
6MC1083 ,,
6MC1084 ,,
6MC1085 ,,
6MC1086 ,,
70A29 ,,
70A66 ,,
711A ,,
711B ,,
711C ,,
715D ,,
729B ,,
72A ,,
72ES ,,
73307AA0 ,,
73407CA6 ,,
73414BA2 ,,
73430CA7 ,,
73A89 ,,
74097AA6 ,,
75A1 ,,
75A12 ,,
75A167 ,,
75A20 ,,
75A23 ,,
75A24 ,,
75A30 ,,
75A4 ,,
75A42 ,,
75A54 ,,
75A6 ,,
75A67 ,,
75A7 ,,
75AA13 ,,
75AE11 ,,
75AG1 ,,
75B18 ,,
75B4 ,,
75B48 ,,
75P169 ,,
75P25 ,,
75P5 ,,
75P55 ,,
75P56 ,,
75P58 ,,
75P60 ,,
75P62 ,,
75P66 ,,
75S44 ,,
75V10 ,,
760R ,,
765DA ,,
76A22 ,,
76AA3 ,,
772FF ,,
773W13Y ,,
773W20 ,,
773W21 ,,
777AN ,,
777CN ,,
77B ,,
77BN ,,
77C27 ,,
77CAK ,,
77CAL ,,
77H1038 ,,
77H1138 ,,
77S5D ,,
78A126 ,,
78A273 ,,
78A274 ,,
78A275 ,,
78A280 ,,
78A281 ,,
78A282 ,,
78A327 ,,
78A387 ,,
78A398 ,,
78B22 ,,
78B27 ,,
78W32 ,,
78W35 ,,
79A129 ,,
7DPU11 ,,
86N61 ,,
88A269 ,,
9011A ,,
90A35 ,,
90A39 ,,
90AL41 ,,
90AR34 ,,
90C25 ,,
91052AA9 ,,
9347G ,,
95A10 ,,
95A3 ,,
95A7 ,,
95A8 ,,
95A9 ,,
95B1 ,,
95B3 ,,
95B5 ,,
95G24 ,,
95G3 ,,
95G33 ,,
95G4 ,,
95N16 ,,
9AUX89 ,,
A4512F ,,
AA735 ,,
AA755D ,,
AC788 ,,
AC808 ,,
AC816 ,,
AC817 ,,
AC837 ,,
AC839 ,,
AC879 ,,
AC888E ,,
AF79101 ,,
AF8982 ,,
AF8989 ,,
AF99103E ,,
AF99N2R ,,
AT102 ,,
AT1024A ,,
AT1025 ,,
AT1026 ,,
AT1027 ,,
AT1028 ,,
AT102A ,,
AT1032 ,,
AT1035 ,,
AT1036 ,,
AT1036AX ,,
AT104 ,,
AT1042X ,,
AT1044 ,,
AT1045 ,,
AT1046 ,,
AT1047 ,,
AT1049 ,,
AT104A ,,
AT1068 ,,
AT108X ,,
AT110X ,,
AT111 ,,
AT1128 ,,
AT113 ,,
AT1151 ,,
AT117A ,,
AT117C ,,
AT117E ,,
AT117F ,,
AT1200Z ,,
AT124 ,,
AT124AX ,,
AT127 ,,
AT1293BRX ,,
AT1293L ,,
AT1293R ,,
AT1293RX ,,
AT13 ,,
AT1300AX ,,
AT1300L ,,
AT1300LM ,,
AT1300R ,,
AT1300X ,,
AT1300Z ,,
AT1302 ,,
AT1302M ,,
AT1303X ,,
AT131 ,,
AT132 ,,
AT1321MX ,,
AT134 ,,
AT1344 ,,
AT1345 ,,
AT1346A ,,
AT1347 ,,
AT13475A ,,
AT1353AY ,,
AT1356X ,,
AT1357X ,,
AT137SA ,,
AT1382X ,,
AT1393 ,,
AT1394 ,,
AT1395 ,,
AT1396 ,,
AT1398 ,,
AT1399 ,,
AT1400X ,,
AT1401 ,,
AT1402X ,,
AT1404L ,,
AT1404R ,,
AT1406 ,,
AT1408 ,,
AT1410 ,,
AT1411 ,,
AT1412A ,,
AT1413 ,,
AT1414 ,,
AT1415AX ,,
AT1416X ,,
AT1417 ,,
AT1418L ,,
AT1418R ,,
AT1419L ,,
AT1419R ,,
AT141B ,,
AT1420 ,,
AT1423 ,,
AT1427B ,,
AT1427X ,,
AT1428B ,,
AT1428X ,,
AT1429 ,,
AT143 ,,
AT1431 ,,
AT1431A ,,
AT1433 ,,
AT1434A ,,
AT1434B ,,
AT1436LX ,,
AT1436RX ,,
AT1439 ,,
AT1440 ,,
AT1443 ,,
AT1444 ,,
AT1446 ,,
AT1455 ,,
AT1456 ,,
AT1458X ,,
AT1463 ,,
AT1464 ,,
AT1465 ,,
AT1466 ,,
AT1468A ,,
AT1468AX ,,
AT1469 ,,
AT1470L ,,
AT1472X ,,
AT1473 ,,
AT148 ,,
AT1481L ,,
AT1482 ,,
AT1484 ,,
AT1486 ,,
AT1486A ,,
AT1493 ,,
AT1494A ,,
AT149A ,,
AT150 ,,
AT1502 ,,
AT150AX ,,
AT150X ,,
AT151 ,,
AT153 ,,
AT1583 ,,
AT1620 ,,
AT1620B ,,
AT1620C ,,
AT1649 ,,
AT1653 ,,
AT1653A ,,
AT166 ,,
AT1673 ,,
AT168 ,,
AT172LA ,,
AT174 ,,
AT176AX ,,
AT1809X ,,
AT1845 ,,
AT184A ,,
AT184B ,,
AT185L ,,
AT185R ,,
AT18754 ,,
AT18755 ,,
AT18757 ,,
AT1895 ,,
AT189X ,,
AT1915 ,,
AT192 ,,
AT193 ,,
AT19351 ,,
AT1943 ,,
AT1944 ,,
AT1946L ,,
AT1946R ,,
AT19473 ,,
AT19475 ,,
AT19476 ,,
AT1947X ,,
AT1949R ,,
AT1962 ,,
AT1964 ,,
AT1966-13 ,,
AT1966-5 ,,
AT1966-7 ,,
AT1966-8 ,,
AT1966-9 ,,
AT1966AX ,,
AT1968 ,,
AT1969 ,,
AT197 ,,
AT198 ,,
AT199 ,,
AT1994LX ,,
AT1995 ,,
AT1996 ,,
AT2002A ,,
AT2005 ,,
AT2007 ,,
AT2008 ,,
AT2009 ,,
AT2011 ,,
AT2014 ,,
AT2015LX ,,
AT2015RX ,,
AT2016 ,,
AT2017 ,,
AT2020 ,,
AT2034 ,,
AT2046-16 ,,
AT2047 ,,
AT2055 ,,
AT2076RK ,,
AT2088 ,,
AT2092 ,,
AT210411 ,,
AT210412 ,,
AT210413 ,,
AT21043 ,,
AT21045 ,,
AT21047 ,,
AT21048 ,,
AT21049 ,,
AT2104X ,,
AT2114 ,,
AT2116 ,,
AT213A ,,
AT2172X ,,
AT2173 ,,
AT2177 ,,
AT2182 ,,
AT220 ,,
AT2211 ,,
AT2213X ,,
AT2217X ,,
AT224 ,,
AT2253RK ,,
AT2293 ,,
AT2300 ,,
AT2310 ,,
AT2311 ,,
AT232 ,,
AT233 ,,
AT237 ,,
AT2375 ,,
AT239A ,,
AT241L ,,
AT241R ,,
AT241RX ,,
AT242 ,,
AT2429B ,,
AT242X ,,
AT2431A ,,
AT2435 ,,
AT2437 ,,
AT244 ,,
AT2445 ,,
AT2446 ,,
AT245 ,,
AT2457 ,,
AT2467 ,,
AT2469 ,,
AT2471 ,,
AT250A ,,
AT251B ,,
AT2538 ,,
AT2544P3 ,,
AT2544P4 ,,
AT2544P5 ,,
AT2544P6 ,,
AT255 ,,
AT2553RK ,,
AT2562 ,,
AT2566L ,,
AT2566R ,,
AT2577X ,,
AT2587X ,,
AT258L ,,
AT258LM ,,
AT258R ,,
AT258RM ,,
AT259 ,,
AT2601RK ,,
AT2606LX ,,
AT2606RX ,,
AT260ABY ,,
AT260ABYM ,,
AT2612 ,,
AT2613 ,,
AT2661RK ,,
AT2663RK ,,
AT2664RK ,,
AT2665RK ,,
AT270 ,,
AT271 ,,
AT275 ,,
AT275X ,,
AT290 ,,
AT294 ,,
AT302 ,,
AT304 ,,
AT3101AL ,,
AT3101AR ,,
AT3106 ,,
AT3109 ,,
AT3112A ,,
AT3114A ,,
AT3121 ,,
AT3122 ,,
AT3125 ,,
AT3128 ,,
AT3129 ,,
AT3131 ,,
AT3135 ,,
AT3136 ,,
AT3138AX ,,
AT3139A ,,
AT3140A ,,
AT3143 ,,
AT3144 ,,
AT3150 ,,
AT3151 ,,
AT3153 ,,
AT3154A ,,
AT3154B ,,
AT3177L ,,
AT3177R ,,
AT3179 ,,
AT3181 ,,
AT3182 ,,
AT3195 ,,
AT3197 ,,
AT3197A ,,
AT3198 ,,
AT3201L ,,
AT3201R ,,
AT3209A ,,
AT3215 ,,
AT3216 ,,
AT3219 ,,
AT3220 ,,
AT3222 ,,
AT3224A ,,
AT3225ALX ,,
AT3225ARX ,,
AT3225L ,,
AT3225R ,,
AT3226 ,,
AT3228 ,,
AT3229 ,,
AT3233B ,,
AT3233G ,,
AT3239 ,,
AT324 ,,
AT3240 ,,
AT3245 ,,
AT3246AL ,,
AT3246AR ,,
AT3246L ,,
AT3246R ,,
AT3255L ,,
AT3255R ,,
AT3257 ,,
AT326 ,,
AT3260X ,,
AT3261 ,,
AT3262 ,,
AT3262A ,,
AT3263 ,,
AT3265 ,,
AT3267 ,,
AT3268 ,,
AT3269 ,,
AT3270 ,,
AT3271 ,,
AT3273 ,,
AT3273X ,,
AT3274A ,,
AT3274B ,,
AT3275 ,,
AT3279 ,,
AT327X ,,
AT3280 ,,
AT3281 ,,
AT3282 ,,
AT3285 ,,
AT3313X ,,
AT3328 ,,
AT333B ,,
AT3351 ,,
AT3356AL ,,
AT3356AR ,,
AT3356R ,,
AT3357 ,,
AT3363 ,,
AT3363X ,,
AT3373X ,,
AT3374 ,,
AT3374X ,,
AT3375 ,,
AT3375A ,,
AT3377 ,,
AT3378 ,,
AT3379 ,,
AT3380 ,,
AT3382 ,,
AT3383 ,,
AT3387 ,,
AT3393A ,,
AT3394A ,,
AT3396 ,,
AT3396A ,,
AT339A ,,
AT340 ,,
AT341 ,,
AT343 ,,
AT345 ,,
AT346 ,,
AT347 ,,
AT349 ,,
AT350 ,,
AT353X ,,
AT360RX ,,
AT361D ,,
AT361M ,,
AT361N ,,
AT361X ,,
AT365P1 ,,
AT365P2 ,,
AT365P4 ,,
AT365P5 ,,
AT391 ,,
AT408X ,,
AT410 ,,
AT411 ,,
AT413 ,,
AT442 ,,
AT442A ,,
AT442AC ,,
AT442AD ,,
AT442B ,,
AT442BB ,,
AT442C ,,
AT442H ,,
AT442K ,,
AT442L ,,
AT442N ,,
AT442P ,,
AT442U ,,
AT443AB ,,
AT445 ,,
AT445AB ,,
AT445W ,,
AT446 ,,
AT449 ,,
AT450 ,,
AT4507 ,,
AT4508 ,,
AT4509 ,,
AT4518 ,,
AT4522R ,,
AT4524 ,,
AT4537X ,,
AT4540 ,,
AT4553 ,,
AT4556 ,,
AT4560 ,,
AT4561 ,,
AT4565 ,,
AT4569 ,,
AT4570 ,,
AT4571 ,,
AT4572 ,,
AT4574 ,,
AT4575 ,,
AT4576 ,,
AT4580 ,,
AT4629 ,,
AT4697 ,,
AT4698 ,,
AT481 ,,
AT503 ,,
AT504 ,,
AT505 ,,
AT508 ,,
AT509 ,,
AT511 ,,
AT512 ,,
AT513 ,,
AT517B ,,
AT5227 ,,
AT5228 ,,
AT524X ,,
AT525X ,,
AT526 ,,
AT527 ,,
AT56010137 ,,
AT56010204 ,,
AT5601062 ,,
AT5601072 ,,
AT5601073 ,,
AT5601077 ,,
AT56010814 ,,
AT5601092 ,,
AT5601093 ,,
AT5601101 ,,
AT5601102 ,,
AT5601121 ,,
AT5601123 ,,
AT56011260 ,,
AT5601127 ,,
AT5601134 ,,
AT56011354 ,,
AT56011356 ,,
AT56011410 ,,
AT56011411 ,,
AT56011862 ,,
AT56012066 ,,
AT5601208 ,,
AT56013961 ,,
AT5601406 ,,
AT56014114 ,,
AT56014115 ,,
AT56014242 ,,
AT5601565 ,,
AT5601586 ,,
AT56016124 ,,
AT56016125 ,,
AT5601635 ,,
AT56017099 ,,
AT56017171 ,,
AT56018713 ,,
AT5601920 ,,
AT56024595 ,,
AT56024638 ,,
AT56024649 ,,
AT56024650 ,,
AT56024655 ,,
AT56024663 ,,
AT56024671 ,,
AT56024673 ,,
AT56024675 ,,
AT56024676 ,,
AT56024691 ,,
AT56024692 ,,
AT56024894 ,,
AT56025501 ,,
AT5602568 ,,
AT5602572 ,,
AT56025925 ,,
AT56026731 ,,
AT56026743 ,,
AT5602706 ,,
AT5602710 ,,
AT56027181 ,,
AT5602788 ,,
AT5602795 ,,
AT5602867 ,,
AT5603207 ,,
AT56033628 ,,
AT5603513A ,,
AT5603735 ,,
AT5603737 ,,
AT5603739 ,,
AT5603773 ,,
AT5603774 ,,
AT5603777 ,,
AT5603796 ,,
AT5603818 ,,
AT5603863 ,,
AT5603926 ,,
AT5603972 ,,
AT5604008 ,,
AT5604009 ,,
AT5604186 ,,
AT5604194 ,,
AT560429636 ,,
AT5604384 ,,
AT5604879 ,,
AT5604969 ,,
AT5605230 ,,
AT5605495 ,,
AT5605888L ,,
AT5606177A ,,
AT5606411 ,,
AT5606412 ,,
AT5607085 ,,
AT5607488 ,,
AT5607680 ,,
AT5608368 ,,
AT5609290 ,,
AT560A1147 ,,
AT560A1189 ,,
AT560A1576LH ,,
AT560A15776RH,,
AT560A17084 ,,
AT560A23193 ,,
AT560A26656 ,,
AT560A9059 ,,
AT560A9738 ,,
AT561207311 ,,
AT561207315 ,,
AT561207316 ,,
AT56120738 ,,
AT561207411 ,,
AT561207611 ,,
AT561207617 ,,
AT56120766 ,,
AT561A2073 ,,
AT5625015 ,,
AT5625018240 ,,
AT5625018344 ,,
AT5625019240 ,,
AT5625020200 ,,
AT5625311 ,,
AT562C5016 ,,
AT562C5764 ,,
AT570X ,,
AT5843 ,,
AT5864969 ,,
AT601X ,,
AT602 ,,
AT6025 ,,
AT602A ,,
AT6035 ,,
AT6036 ,,
AT603X ,,
AT6054 ,,
AT607 ,,
AT6072 ,,
AT608 ,,
AT610AL ,,
AT610AR ,,
AT610R ,,
AT611AL ,,
AT611AR ,,
AT611R ,,
AT612X ,,
AT613 ,,
AT613A ,,
AT6146 ,,
AT615B ,,
AT616B ,,
AT617B ,,
AT619 ,,
AT620 ,,
AT622A ,,
AT624 ,,
AT625 ,,
AT62849 ,,
AT629 ,,
AT629B ,,
AT642 ,,
AT643K210 ,,
AT644 ,,
AT644A ,,
AT6455 ,,
AT6736 ,,
AT6744 ,,
AT6818 ,,
AT6843 ,,
AT6846 ,,
AT6913 ,,
AT6914 ,,
AT6915 ,,
AT6936 ,,
AT694A ,,
AT6964 ,,
AT7202 ,,
AT7247 ,,
AT7263 ,,
AT7398 ,,
AT75 ,,
AT7507A ,,
AT7507B ,,
AT7534 ,,
AT7711 ,,
AT773 ,,
AT7741 ,,
AT775 ,,
AT776 ,,
AT7857 ,,
AT7865 ,,
AT7965 ,,
AT819 ,,
AT822AB ,,
AT822AC ,,
AT822AD ,,
AT822AF ,,
AT822AK ,,
AT822AN ,,
AT822H ,,
AT822K ,,
AT822L ,,
AT822M ,,
AT822N ,,
AT822NC ,,
AT822R ,,
AT822T ,,
AT822U ,,
AT822WS ,,
AT822X ,,
AT822Y ,,
AT822Z ,,
AT826 ,,
AT826B ,,
AT826W ,,
AT827BX ,,
AT8381 ,,
AT8482 ,,
AT8499 ,,
AT8531 ,,
AT886 ,,
AT902A ,,
AT912A ,,
AT912B ,,
AT914A ,,
AT917 ,,
AT918 ,,
AT941X ,,
AT958X ,,
AT976X ,,
AT977X ,,
AT978X ,,
AT980 ,,
AT982 ,,
AT984X ,,
ATAC816 ,,
ATAC817 ,,
ATAC836 ,,
ATAC839 ,,
ATAC878 ,,
ATAC882 ,,
ATAC889 ,,
ATAD692 ,,
ATAD795 ,,
ATAD815 ,,
ATAD822 ,,
ATBL7 ,,
ATDM427A ,,
ATFH10 ,,
ATFH11 ,,
ATFH12 ,,
ATFH44 ,,
ATFH47 ,,
ATFH52 ,,
ATH106738 ,,
ATH122949 ,,
ATH141619 ,,
ATH149269 ,,
ATH149270 ,,
ATH153108 ,,
ATH154335 ,,
ATH154336 ,,
ATH154338 ,,
ATH154340 ,,
ATH154443 ,,
ATH154767 ,,
ATH154768 ,,
ATH154838 ,,
ATH154845 ,,
ATH155636 ,,
ATH162523 ,,
ATH179797K ,,
ATH185223 ,,
ATH3031RK ,,
ATH3031RK1 ,,
ATJ6918 ,,
ATJ6920 ,,
ATJ7026 ,,
ATMCA275 ,,
ATMCA327 ,,
ATMCA327D ,,
ATMCA327E ,,
ATMCA327G ,,
ATMCA327K ,,
ATMCA382B ,,
ATMCA382F ,,
ATMCA382H ,,
ATMCA382J ,,
ATMCA382K ,,
ATMCA382N ,,
ATMCA382T ,,
ATMCA382U ,,
ATMMGC63 ,,
ATNC74 ,,
ATNFF5 ,,
ATNH72 ,,
ATNH74 ,,
ATNJ69 ,,
ATNJF40 ,,
ATOG1 ,,
ATOG11 ,,
ATOG20 ,,
ATOG28 ,,
ATOR23 ,,
ATOR27 ,,
ATOR41 ,,
ATOR8 ,,
ATOS53 ,,
ATOS55 ,,
ATOS69 ,,
ATPN85 ,,
ATPS12 ,,
ATRW17 ,,
ATSH122 ,,
ATSH134 ,,
ATSH172 ,,
ATSH220 ,,
ATSH53 ,,
ATSHA12 ,,
ATSHA15 ,,
ATSHA3 ,,
ATSHA43 ,,
ATSP7 ,,
ATSPD7 ,,
ATTRR18 ,,
ATTRR35 ,,
ATTRR39 ,,
ATVC42 ,,
ATVC55 ,,
ATVC55A ,,
ATVC55C ,,
ATVC55D ,,
ATVC55E ,,
ATVC55H ,,
ATVC55J ,,
ATVC55K ,,
ATWC5A ,,
ATWP28 ,,
ATWP43 ,,
ATWP59 ,,
B152J ,,
B1662F ,,
B3712A ,,
B3712B ,,
B3712G ,,
B3712VA ,,
B3715A ,,
B3715C ,,
B3716 ,,
B3717 ,,
B371A ,,
B371P ,,
B373 ,,
B3736D ,,
B373D ,,
B373E ,,
B377DA ,,
B377R ,,
B378 ,,
B378L ,,
B379 ,,
B37B15T ,,
B6715 ,,
B6715EA ,,
B6716 ,,
B672D ,,
B673 ,,
B674N ,,
B678A ,,
B678L ,,
B679 ,,
B67B17A ,,
B67B3A ,,
B67BD17EA ,,
B7212 ,,
B7215A ,,
B7215B ,,
B7215C ,,
B7236 ,,
B7236BA ,,
B7236D ,,
B7236E ,,
B7236G ,,
B7236H ,,
B7236P ,,
B7236TC ,,
B727T6P ,,
B727U6M ,,
B729 ,,
B72S22A ,,
B72S3T ,,
B8712 ,,
B8712H ,,
B8712K ,,
B8712L ,,
B8712VA ,,
B87148 ,,
B8715 ,,
B8715C ,,
B8715E ,,
B8715M ,,
B8715TB ,,
B8716M ,,
B871B ,,
B872D ,,
B872DX ,,
B873 ,,
B8736BA ,,
B8736C ,,
B8736W ,,
B873N ,,
B873T ,,
B873X ,,
B874 ,,
B8746 ,,
B8747 ,,
B874Z ,,
B878A ,,
B879 ,,
B87B17A ,,
B87B1B ,,
B87B36B ,,
B87B36E ,,
B87B36G ,,
B87B36GX ,,
B87B36H ,,
B87B36UD ,,
B87B3A ,,
B87B3AX ,,
B87B3N ,,
B87B3TA ,,
B87B8 ,,
B87B8L ,,
B87B8P ,,
B87S3 ,,
B9736W ,,
BB102 ,,
BB106 ,,
BB108 ,,
BB113 ,,
BB116 ,,
BB117 ,,
BB127 ,,
BB128 ,,
BB129 ,,
BB130 ,,
BB136 ,,
BB137 ,,
BB138 ,,
BB139 ,,
BB140 ,,
BB15 ,,
BB16 ,,
BB17 ,,
BB18 ,,
BB19 ,,
BB26 ,,
BB29 ,,
BB38 ,,
BB41 ,,
BB46 ,,
BB47 ,,
BB5 ,,
BB52 ,,
BB60 ,,
BB61 ,,
BB64 ,,
BB65 ,,
BB68 ,,
BB75 ,,
BB84 ,,
BB85 ,,
BD2 ,,
BDN11 ,,
BDN5 ,,
BDN9 ,,
BF246 ,,
BF75 ,,
BO14 ,,
BS116 ,,
BS127 ,,
BS130 ,,
BS136 ,,
BS169 ,,
BS200 ,,
BS210 ,,
BS431 ,,
BS434 ,,
BS70 ,,
BS98 ,,
BSH70 ,,
BU6 ,,
C18 ,,
C2715 ,,
C2715CA ,,
C2716A ,,
C272 ,,
C279 ,,
C27B36B ,,
C27B36C ,,
C27B36D ,,
C38 ,,
C40 ,,
C50 ,,
C54 ,,
CB9915B ,,
CB99A3N ,,
CB99A95P ,,
CBM2142 ,,
CD517L ,,
CF123ANJ17J ,,
CF123N1 ,,
CF123N103 ,,
CF123N12A ,,
CF123N42A ,,
CF73H11B ,,
CF73H76A ,,
CF73H78 ,,
CF792 ,,
CF7927 ,,
CF7927G ,,
CF793 ,,
CF793A ,,
CF793N ,,
CF793S ,,
CF7964 ,,
CF7966 ,,
CF7968 ,,
CF7970A ,,
CF7976 ,,
CF8912 ,,
CF8912B ,,
CF8912DB ,,
CF8912E ,,
CF8912EA ,,
CF8912NA ,,
CF8912S ,,
CF8912SA ,,
CF8912X ,,
CF89147B ,,
CF8927 ,,
CF8927G ,,
CF892D ,,
CF892DA ,,
CF892E ,,
CF892P ,,
CF892R ,,
CF8946 ,,
CF8950 ,,
CF8962 ,,
CF8964 ,,
CF8965 ,,
CF8966 ,,
CF8969 ,,
CF8970B ,,
CF8971A ,,
CF8971B ,,
CF8976 ,,
CF8978 ,,
CF8978A ,,
CF8980A ,,
CF8982 ,,
CF8983BA ,,
CF8983CA ,,
CF8986 ,,
CF8986N ,,
CF8986NA ,,
CF8999 ,,
CF8999A ,,
CF8999AX ,,
CF89N12EC ,,
CF89N12FA ,,
CF89N2DA ,,
CF93146 ,,
CF93147 ,,
CF93147X ,,
CF93149 ,,
CF9327 ,,
CF9327T ,,
CF93N27N ,,
CF9911 ,,
CF99146 ,,
CF99146W ,,
CF99147 ,,
CF99149 ,,
CF993 ,,
CF9941 ,,
CF9947X ,,
CF9948 ,,
CF9962 ,,
CF9963 ,,
CF9966 ,,
CF9968 ,,
CF9969 ,,
CF9970 ,,
CF9971 ,,
CF9976 ,,
CF99N2V ,,
CF99N2W ,,
CG12 ,,
CG15 ,,
CG26 ,,
CH123J133D ,,
CH123J27R ,,
CH123J2D ,,
CH123J82 ,,
CH123J90 ,,
CH3A1 ,,
CH3A12 ,,
CH3A12A ,,
CH3A15D ,,
CH3A15F ,,
CH3A16 ,,
CH3A2D ,,
CH3A36B ,,
CH3A54 ,,
CH3A60 ,,
CH3A61 ,,
CH3A63 ,,
CH3A7 ,,
CH3A7A ,,
CH3A9 ,,
CH3B9 ,,
CH95 ,,
CHP15 ,,
CHP16 ,,
CHP162 ,,
CHP17 ,,
CHP18 ,,
CHP26 ,,
CHP262 ,,
CHP27 ,,
CHP272 ,,
CHP28 ,,
CHP30 ,,
CL51096 ,,
CL5113 ,,
CL51490 ,,
CL51693 ,,
CL5290 ,,
CL5324P ,,
CL5400 ,,
CL5434 ,,
CL5441 ,,
CL5600 ,,
CL5682 ,,
CL5697 ,,
CM102C ,,
CM117 ,,
CM118 ,,
CM19S ,,
CM25 ,,
CM27 ,,
CM29A ,,
CM30 ,,
CM31 ,,
CM35 ,,
CM37 ,,
CM39 ,,
CM3B ,,
CM43A ,,
CM44 ,,
CM51 ,,
CM53 ,,
CM59 ,,
CM61 ,,
CM63 ,,
CM65 ,,
CM67 ,,
CM69 ,,
CM71 ,,
CM73 ,,
CM75 ,,
CM77 ,,
CM79 ,,
CM81A ,,
CM83A ,,
CM83B ,,
CM84 ,,
CM85 ,,
CM87 ,,
CM89A ,,
COL1005 ,,
COL10667 ,,
COL1066C ,,
COL1066X7 ,,
COL4 ,,
COL506AB ,,
COL506AN ,,
COL506X7 ,,
COL507A ,,
COL508 ,,
COL508A ,,
COL508AN ,,
COL508BN ,,
COL508CA ,,
COL519 ,,
COL607 ,,
COL608AB ,,
COL608AN ,,
COL806A ,,
COL806AB ,,
COL806AN ,,
COL806AW ,,
CS0005 ,,
CS0007 ,,
CS0008 ,,
CS0010 ,,
CS0012 ,,
CV2516 ,,
CV2517 ,,
CYL10 ,,
CYL10C ,,
CYL11B ,,
CYL14A ,,
CYL14B ,,
CYL14C ,,
CYL14F ,,
CYL15A ,,
CYL16B ,,
CYL16D ,,
CYL16F ,,
CYL16G ,,
CYL16H ,,
CYL16J ,,
CYL16L ,,
CYL16M ,,
CYL16P ,,
CYL16Q ,,
CYL17A ,,
CYL17B ,,
CYL18C ,,
CYL18E ,,
CYL18H ,,
CYL18Z ,,
CYL1B ,,
CYL1C ,,
CYL1D ,,
CYL1E ,,
CYL1F ,,
CYL1H ,,
CYL1J ,,
CYL1K ,,
CYL1L ,,
CYL1N ,,
CYL1Q ,,
CYL20B ,,
CYL20C ,,
CYL20D ,,
CYL20E ,,
CYL20F ,,
CYL20G ,,
CYL20H ,,
CYL21A ,,
CYL21B ,,
CYL22A ,,
CYL24C ,,
CYL27A ,,
CYL27C ,,
CYL27D ,,
CYL2B ,,
CYL2C ,,
CYL2D ,,
CYL2E ,,
CYL2G ,,
CYL2H ,,
CYL2L ,,
CYL2N ,,
CYL2P ,,
CYL2Q ,,
CYL2ZB ,,
CYL31A ,,
CYL31D ,,
CYL33A ,,
CYL34B ,,
CYL34C ,,
CYL34D ,,
CYL34E ,,
CYL34F ,,
CYL36A ,,
CYL36C ,,
CYL36D ,,
CYL36E ,,
CYL3G ,,
CYL3L ,,
CYL3Q ,,
CYL5D ,,
CYL5E ,,
CYL6D ,,
CYL6G ,,
CYL6H ,,
CYL7C ,,
CYL8A ,,
CYL8B ,,
CYL8C ,,
CYL8D ,,
CYL8F ,,
CYL8H ,,
CYL8J ,,
CYL8K ,,
CYL8M ,,
D12311A ,,
D12311G36 ,,
D12327E ,,
D1232F ,,
D1232FX ,,
D7311 ,,
D731138 ,,
D7312E ,,
D7315BA ,,
D7315P ,,
D7317 ,,
D7317D ,,
D731BA ,,
D731P ,,
D731SA ,,
D731W ,,
D732635 ,,
D7327 ,,
D732W ,,
D733 ,,
D733334 ,,
D7334 ,,
D7336J ,,
D7336JA ,,
D7336N ,,
D733C ,,
D733S ,,
D737C ,,
D737D ,,
D739 ,,
D73B12A ,,
D73B2 ,,
D73B27 ,,
D73B3C ,,
D73H146 ,,
D73H146W ,,
D73H147X ,,
D73H149 ,,
D73HRR17H ,,
D73HRR36 ,,
D73HRR36D ,,
D73HRR36E ,,
D73N12E ,,
D73N2A ,,
D791038 ,,
D791042 ,,
D791138 ,,
D791142 ,,
D7912A ,,
D7915 ,,
D7915BA ,,
D7915D ,,
D7916B ,,
D7917 ,,
D7917C ,,
D791AS ,,
D791L ,,
D791MS ,,
D7927 ,,
D7927B ,,
D7927G ,,
D7927WB ,,
D7929S ,,
D7933A ,,
D7936F ,,
D7936J ,,
D793A ,,
D793N ,,
D793S ,,
D797B ,,
D797BJ ,,
D797BK ,,
D797E ,,
D797F ,,
D797FC ,,
D798WL ,,
D799A ,,
D799B ,,
D799C ,,
D799G ,,
D79B27 ,,
D79B7E ,,
D79B7L6F ,,
D79B7L6H ,,
D79B7TL6F ,,
D79DW27 ,,
D79J147 ,,
D79J147X ,,
D8312D ,,
D8329 ,,
D8329D ,,
D8329W ,,
D832C ,,
D833F ,,
D8340 ,,
D83N40 ,,
D83N40X ,,
D83N41 ,,
D83N42 ,,
D83N43 ,,
D83N44 ,,
D83N45 ,,
D891150 ,,
D8912E ,,
D8912H ,,
D8913C ,,
D8913W ,,
D89146 ,,
D89147 ,,
D8915P ,,
D8917L ,,
D8917LA ,,
D8917TA ,,
D891AL ,,
D892A ,,
D892PA ,,
D8932C ,,
D8933A ,,
D893BA ,,
D893C ,,
D893N ,,
D89641 ,,
D897 ,,
D897B ,,
D897BDK ,,
D897BDL ,,
D897BK ,,
D897BN ,,
D897C ,,
D897CJ ,,
D897CK ,,
D897CL ,,
D897EA ,,
D897FL ,,
D897FTB ,,
D897TF ,,
D898 ,,
D899A ,,
D89B10L38 ,,
D89B1138 ,,
D89B1150 ,,
D89B1FS ,,
D89B27B ,,
D89B2B ,,
D89B33 ,,
D89B7E ,,
D89B9 ,,
D89B9A ,,
D89BH12 ,,
D89BH12A ,,
D89BH15A ,,
D89BH15E ,,
D89BH16 ,,
D89BH16E ,,
D89BH9 ,,
D89BN2Y ,,
D89D2BW ,,
D89D3S ,,
D89D7BL ,,
D931034 ,,
D931038 ,,
D931042 ,,
D931050 ,,
D931138 ,,
D931142 ,,
D931150 ,,
D9312D ,,
D9312E ,,
D9313D ,,
D9313E ,,
D9313R ,,
D9313T ,,
D9313TX ,,
D9313X ,,
D93146 ,,
D93147 ,,
D93147X ,,
D9315A ,,
D9315B ,,
D9315D ,,
D9316 ,,
D9317 ,,
D9317A ,,
D931B ,,
D931BX ,,
D931LA ,,
D931LB ,,
D931LC ,,
D931SA ,,
D931SC ,,
D931SD ,,
D9327 ,,
D9327A ,,
D9327F ,,
D9327G ,,
D9327GA ,,
D9327J ,,
D9329B ,,
D9329W ,,
D932CA ,,
D932CAX ,,
D932Z ,,
D933 ,,
D933334 ,,
D9346 ,,
D937 ,,
D937CK ,,
D937CLF ,,
D937DL ,,
D937E ,,
D937HA ,,
D937KL ,,
D937L ,,
D937LA ,,
D937N ,,
D937TCLF ,,
D937TCLH ,,
D939 ,,
D939HA ,,
D93AR15P ,,
D93AR15PS ,,
D93AR15Q ,,
D93AR17A ,,
D93AR17C ,,
D93AR27 ,,
D93AR27J ,,
D93AR3M ,,
D93AR64 ,,
D93AR67J ,,
D93AR67K ,,
D93AR67P ,,
D93AR69 ,,
D93AR7 ,,
D93AR70 ,,
D93AR7T6F ,,
D93AR7T6H ,,
D93AR7T6P ,,
D93AR9 ,,
D93D1138 ,,
D93D9A ,,
D93J27B ,,
D93J27D ,,
D93J27F ,,
D93J27G ,,
D93J2B ,,
D93J2H ,,
D93J2HA ,,
D93J46 ,,
D93J49 ,,
D93N27NA ,,
D93N27NTA ,,
D991036 ,,
D991050 ,,
D9910A36 ,,
D991136 ,,
D991150 ,,
D9912 ,,
D9912E ,,
D9915A ,,
D9915BA ,,
D9915X ,,
D9916A ,,
D9917 ,,
D9917AC ,,
D9917CX ,,
D991C ,,
D991L ,,
D991S ,,
D991ST ,,
D9927 ,,
D9927C ,,
D9927G ,,
D9933 ,,
D993A ,,
D993AX ,,
D997BDL ,,
D997BL ,,
D997BR ,,
D997E ,,
D997EB ,,
D997F ,,
D997FB ,,
D997N ,,
D997NB ,,
D999A ,,
D999AA ,,
D99A17LA ,,
D99D1136 ,,
D99D1150 ,,
D99D15 ,,
D99D1B ,,
D99D1CA ,,
D99D1CE ,,
D99D1L ,,
D99D1ST ,,
D99D1VA ,,
D99D27C ,,
D99D27F ,,
D99D27R ,,
D99D29 ,,
D99D2BW ,,
D99D2C ,,
D99D39 ,,
D99D56 ,,
D99D57 ,,
D99D58A ,,
D99D59 ,,
D99D60 ,,
D99D7BL ,,
D99D9 ,,
D99DW27 ,,
D99DW27D ,,
D99E1042L ,,
D99E27C ,,
D99E9A ,,
D99N12A ,,
D99N27L ,,
DA30 ,,
DB903W ,,
DC85 ,,
DH1231036 ,,
DH12310A36 ,,
DH1231136 ,,
DH12311A ,,
DH12311A36 ,,
DH12311C ,,
DH12311E36 ,,
DH12311G36 ,,
DH12312A ,,
DH12312B ,,
DH12312E ,,
DH123133D ,,
DH123133E ,,
DH12313C ,,
DH123146 ,,
DH123147 ,,
DH123147DA ,,
DH123147X ,,
DH123149 ,,
DH12314C ,,
DH12315 ,,
DH123157 ,,
DH123158 ,,
DH123159 ,,
DH12315B ,,
DH12315D ,,
DH12315X ,,
DH12316 ,,
DH12317 ,,
DH12317B ,,
DH12317BC ,,
DH12317DA ,,
DH12317DC ,,
DH12317E ,,
DH12317H ,,
DH12317J ,,
DH12317L ,,
DH1231BA ,,
DH1231BX ,,
DH1231L ,,
DH1232 ,,
DH12327C ,,
DH12327G ,,
DH12327PG ,,
DH12327R ,,
DH12327RD ,,
DH12329 ,,
DH12329B ,,
DH1232F ,,
DH1232L ,,
DH1232P ,,
DH12333C34 ,,
DH12339 ,,
DH1233A ,,
DH1233X ,,
DH1237CR ,,
DH1237DR ,,
DH1237EB ,,
DH1237EC ,,
DH1237ED ,,
DH1237EH ,,
DH1237EJ ,,
DH1237FN ,,
DH1237HR ,,
DH1237JR ,,
DH1237KL ,,
DH1237L ,,
DH1237N ,,
DH1237NA ,,
DH1237NB ,,
DH1237NC ,,
DH1239A ,,
DH1239C ,,
DH1239HA ,,
DH123D146 ,,
DH123D2A ,,
DH123D2D ,,
DH123D2DY ,,
DH123D2Y ,,
DH123J1 ,,
DH123J17DCS ,,
DH123J202 ,,
DH123J203 ,,
DH123J207 ,,
DH1431050 ,,
DH1431065 ,,
DH14311 ,,
DH1431150A ,,
DH1431165A ,,
DH14311B ,,
DH143133 ,,
DH143134 ,,
DH143135 ,,
DH14313T ,,
DH143146P ,,
DH143146T ,,
DH143147 ,,
DH143149A ,,
DH14315 ,,
DH143150 ,,
DH14315B ,,
DH14315D ,,
DH14316 ,,
DH14317 ,,
DH14317A ,,
DH14317H ,,
DH14317L ,,
DH14317RC ,,
DH1431L ,,
DH14327 ,,
DH14327H ,,
DH1432A ,,
DH14339 ,,
DH1433A ,,
DH1433D ,,
DH1433N ,,
DH14340 ,,
DH1437A ,,
DH1437C ,,
DH1437EC ,,
DH1437ND ,,
DH9911A36 ,,
DH9911DA36 ,,
DH9911DA50 ,,
DH9911L ,,
DH9911P ,,
DH9912E ,,
DH99133 ,,
DH99134 ,,
DH99135 ,,
DH99136 ,,
DH9913C ,,
DH9913D ,,
DH9913E ,,
DH9913R ,,
DH9913T ,,
DH9913X ,,
DH9917AC ,,
DH9917LB ,,
DH9917RLB ,,
DH992 ,,
DH9927G ,,
DH9929N ,,
DH992R ,,
DH997CR ,,
DH997E ,,
DH997L ,,
DH999A ,,
DH99D2 ,,
DH99J1 ,,
DH99J136 ,,
DM107LA ,,
DM1089 ,,
DM204 ,,
DM303 ,,
DM303A ,,
DM303C ,,
DM304 ,,
DM305 ,,
DM307 ,,
DM308AB ,,
DM309B ,,
DM427A ,,
DM429 ,,
DM430 ,,
DM433 ,,
DM433B ,,
DM433C ,,
DM433D ,,
DM433F ,,
DM435 ,,
DM438 ,,
DM438X ,,
DM439 ,,
DM473F ,,
DM4812Y ,,
DM504 ,,
DM504A ,,
DM504H ,,
DM658A ,,
DM7310HAX ,,
DM7311B ,,
DM8313 ,,
DM850F ,,
DM850FA ,,
DM901M ,,
DM902B ,,
DM973 ,,
DM973F ,,
DMC1003PA ,,
DMC1200C ,,
DMC725 ,,
DMC783D ,,
DMC786 ,,
DMC787 ,,
DMC790 ,,
DMC792 ,,
DMC796 ,,
DMC797S ,,
DMC802X ,,
DMC813 ,,
DMC818 ,,
DMC819 ,,
DMC825 ,,
DMC828 ,,
DMC829 ,,
DMC842 ,,
DMC843 ,,
DMC844LC ,,
DMC845RB ,,
DMC846LB ,,
DMC847 ,,
DMC847X ,,
DMC851 ,,
DMC851N ,,
DMC851P ,,
DMC854LB ,,
DMC855RB ,,
DMC856LB ,,
DMC857RB ,,
DMC858LB ,,
DMC859LB ,,
DMC860RB ,,
DMC861LB ,,
DMC862RB ,,
DMC871LB ,,
DMC871RB ,,
DMC872LB ,,
DMC876RN ,,
DMC877LN ,,
DMC878R ,,
DMC880 ,,
DMC904 ,,
DMC917X ,,
DMC920 ,,
DMC924 ,,
DP102 ,,
DP114 ,,
DP116 ,,
DP154 ,,
DP158 ,,
DP162 ,,
DPAT2 ,,
DPAT6 ,,
DPAT86 ,,
DPCO16S ,,
DPCO20S ,,
DPCO7 ,,
DPCO8 ,,
DPCO9 ,,
DPT11EX ,,
DPT12A ,,
DPT12GE16 ,,
DPT12GE26 ,,
DPT1BX ,,
DPT3 ,,
DPT36 ,,
DPT4 ,,
DPT4D ,,
DPT5C ,,
DPT79A129 ,,
DPT79A69 ,,
DPT86 ,,
DPU1 ,,
DPU10 ,,
DPU10RS ,,
DPU11 ,,
DPU11CS ,,
DPU11DX ,,
DPU11RS ,,
DPU12A ,,
DPU12GE3 ,,
DPU1BZ ,,
DPU21X ,,
DPU26 ,,
DPU3 ,,
DPU32LX1B ,,
DPU34 ,,
DPU36 ,,
DPU4 ,,
DPU4R ,,
DPU6 ,,
ERP10 ,,
ERP12 ,,
ERP13 ,,
ERP16 ,,
ERP18 ,,
ERP22 ,,
ERP31 ,,
ERP33 ,,
ERP50 ,,
ERP53 ,,
ERP6 ,,
ERP9 ,,
ESC12 ,,
ESC13 ,,
ESC15 ,,
ESF10 ,,
ESF14 ,,
ESF16 ,,
ESF20 ,,
FH3 ,,
FH47 ,,
FH48 ,,
FH49 ,,
FH54 ,,
FH55 ,,
FH7 ,,
FH9 ,,
FH90 ,,
FH91 ,,
FL221 ,,
FL223A ,,
FL239 ,,
FL239S ,,
FL249 ,,
FL257A ,,
FL274 ,,
FL275 ,,
FL276 ,,
FL2A38 ,,
FL331A ,,
FL3B11 ,,
FL3B12 ,,
FL3B13 ,,
FL3B15 ,,
FL3B16 ,,
FL3B17 ,,
FL3B19 ,,
FL3B31 ,,
FL3B9P ,,
FL518 ,,
FL520L ,,
FL521 ,,
FL521W ,,
FL525A3 ,,
FL527 ,,
FL528A ,,
FL528B ,,
FL530A ,,
FL530B ,,
FL543 ,,
FL543X ,,
FL590A ,,
FL591 ,,
FL594 ,,
FL595 ,,
FL597 ,,
FL599 ,,
FL5A LEG ,,
FL5A29 ,,
FL5A33AS2 ,,
FL5A33AS3 ,,
FL5A33AS4 ,,
FL5A36 ,,
FL625-2 ,,
FL625F ,,
FL627 ,,
FL630DB ,,
FL631 ,,
FL643 ,,
FL643X ,,
FL7 LEG ,,
FL7201 ,,
FL7202 ,,
FL7202X ,,
FL7203 ,,
FL7205D ,,
FL7205E ,,
FL7206 ,,
FL7207 ,,
FL7208 ,,
FL7209 ,,
FL721 ,,
FL7210A ,,
FL7211 ,,
FL725D ,,
FL725E ,,
FL727A ,,
FL729 ,,
FL731 ,,
FL733DS ,,
FL738A ,,
FL739S ,,
FL743N ,,
FL743X ,,
FL790 ,,
FL790X ,,
FL791A ,,
FL799 ,,
FL8 LEG ,,
FL820 ,,
FL8208 ,,
FL8209 ,,
FL820M ,,
FL825E ,,
FL827 ,,
FL831 ,,
FL838A ,,
FL925E ,,
FL927 ,,
FL929D ,,
FL931A ,,
FL938 ,,
FL943 ,,
FL943X ,,
FL986 ,,
FL987 ,,
FL990 ,,
FL990X ,,
FL994 ,,
FL995 ,,
G61600 ,,
G622 ,,
G626 ,,
G627 ,,
G660 ,,
G7F101 ,,
G7F104 ,,
G7F107 ,,
G7F152A ,,
G7F1800 ,,
G7F41A ,,
G7F5 ,,
G7F7 ,,
G7F76A ,,
G7F86C ,,
GD102 ,,
GD1053 ,,
GD1054 ,,
GD1087 ,,
GD1089 ,,
GD1422 ,,
GD14273 ,,
GD14275 ,,
GD14437 ,,
GD1447 ,,
GD1487 ,,
GD17147 ,,
GD9102A ,,
GD9112 ,,
GD9140 ,,
GD9144A ,,
GD9248 ,,
GD942 ,,
GD946 ,,
GD96A ,,
GD97A ,,
GD990D ,,
GD990X ,,
GD994 ,,
H81146 ,,
H8116AF ,,
H8118R ,,
H8118S ,,
H8118T ,,
H8128 ,,
HA23 ,,
HA24 ,,
HA241L ,,
HA241R ,,
HA28R ,,
HB10 ,,
HB13 ,,
HB2 ,,
HB21 ,,
HB25 ,,
HB2S ,,
HB32 ,,
HB34 ,,
HB35 ,,
HB48 ,,
HB55 ,,
HBA50 ,,
HBD13A ,,
HBD18B ,,
HBD18BA ,,
HBD18BB ,,
HBD31K ,,
HBD32 ,,
HBD33 ,,
HBD36 ,,
HBD37 ,,
HBD38 ,,
HBD39 ,,
HBD39E ,,
HBD3DAL ,,
HBD40 ,,
HBD4F ,,
HBD51AX ,,
HBD53 ,,
HBD53L ,,
HBD55 ,,
HBD55L ,,
HDM39A ,,
HDM41A ,,
HDM433 ,,
HDM433D ,,
HDM433F ,,
HDM433G ,,
HDM434 ,,
HDM435 ,,
HDM43A ,,
HDM49A ,,
HDM55 ,,
HDM71E ,,
HDM75 ,,
HDM78A ,,
HDM78B ,,
HDM78D ,,
HDM79B ,,
HDM79C ,,
HDM91 ,,
HDM92G ,,
HE1 ,,
HE2S ,,
HE31 ,,
HEE1 ,,
HEE101 ,,
HEE12 ,,
HEE14S ,,
HEE16 ,,
HEE1A ,,
HEE1B ,,
HEE1X ,,
HEE2 ,,
HEE3 ,,
HEE4 ,,
HEE6 ,,
HEE60 ,,
HEE60L ,,
HEE60P ,,
HEE60R ,,
HEE7 ,,
HEE8 ,,
HEE8C ,,
HK10D ,,
HK13 ,,
HK15 ,,
HK15CX ,,
HK19 ,,
HK21 ,,
HK34 ,,
HK36 ,,
HK38 ,,
HK4 ,,
HK44 ,,
HK46 ,,
HK5 ,,
HK6 ,,
HK7BX ,,
HKD2 ,,
HKD36 ,,
HKD37H ,,
HKD41B ,,
HKD43B ,,
HKD53 ,,
HKD55 ,,
HKD63 ,,
HKE13A ,,
HKE16CA ,,
HKE18B ,,
HKE18BC ,,
HKE18BD ,,
HKE20 ,,
HKE20R ,,
HKE30S ,,
HKE31B ,,
HKE32 ,,
HKE33 ,,
HKE36 ,,
HKE37 ,,
HKE38A ,,
HKE39 ,,
HKE3E ,,
HKE40 ,,
HKE4D ,,
HKE51 ,,
HKE51X ,,
HKE53 ,,
HKE53L ,,
HKE55L ,,
HKE56 ,,
HKE59 ,,
HKE60 ,,
HKE60L ,,
HKE60R ,,
HKJ1 ,,
HKJ10 ,,
HKJ18 ,,
HKJ1A ,,
HKJ3 ,,
HKJ47X ,,
HKJ6 ,,
HKJ7 ,,
HKJ8 ,,
HKK1X ,,
HMK1 ,,
HMK11 ,,
HMK14 ,,
HMK1B ,,
HMK2SA ,,
HMK5 ,,
HMS39 ,,
HMS5 ,,
HMS74 ,,
HMS76 ,,
HMT15M29 ,,
HMT570 ,,
HMT595S ,,
HP1219 ,,
J7025A ,,
J86 ,,
J92 ,,
JB7100171 ,,
JB7105143 ,,
JB7105690 ,,
JB7106086 ,,
JB7106105 ,,
JB7106682 ,,
JB7106730 ,,
JB7107837 ,,
JB7108563 ,,
JB7110962 ,,
JB7118011 ,,
JB7118012 ,,
JB7120112 ,,
JB7120296 ,,
JB7121399 ,,
JB7121702 ,,
JB7122785 ,,
JB7122787 ,,
JB7124366 ,,
JB7124367 ,,
JB7124853 ,,
JB7124898 ,,
JB7124899 ,,
JB7124900 ,,
JB7124901 ,,
JB7127580 ,,
JB7141729 ,,
JB7144203 ,,
JB7147688 ,,
JB7147793 ,,
JB7151814 ,,
JB7153022 ,,
JB7153108 ,,
JB7153113 ,,
JB7153928 ,,
JB7155021 ,,
JB7157772 ,,
JB7157795 ,,
JB7158695 ,,
JB7161831 ,,
JB7161970 ,,
JB7162008 ,,
JB7162068 ,,
JB7162479 ,,
JB7163220 ,,
JB7163739 ,,
JB7163946 ,,
JB7166179 ,,
JB7166827 ,,
JB7166900 ,,
JB7167123 ,,
JB7167195 ,,
JB7168661 ,,
JB7170175 ,,
JB7170180 ,,
JB7170451 ,,
JB7170614 ,,
JB7170615 ,,
JB7170736 ,,
JB7170766 ,,
JB7170767 ,,
JB7170769 ,,
JB7170795 ,,
JB7170796 ,,
JB7170797 ,,
JB7170798 ,,
JB7170802 ,,
JB7171019 ,,
JB7171020 ,,
JB7171030 ,,
JB7171337 ,,
JB7172195 ,,
JB7172203 ,,
JB7172516 ,,
JB7172761 ,,
JB7173015 ,,
JB7173030 ,,
JB7173031 ,,
JB7173078 ,,
JB7173133 ,,
JB7174368 ,,
JB7175136 ,,
JB7175231 ,,
JB7175237 ,,
JB7177531 ,,
JB7180445 ,,
JB7184501 ,,
JB7186229 ,,
JB7186459 ,,
JB7186581 ,,
JB7186734 ,,
JB7193229 ,,
JB7193261 ,,
JB7195350 ,,
JB7200138N ,,
JB7200325 ,,
JB7202336 ,,
JB7203697 ,,
JMA7 ,,
JT2Y ,,
JT6 ,,
JTB12GE19 ,,
JTB12GE20 ,,
JTB12GE21 ,,
JTB144 ,,
JTB79A ,,
JTB79D ,,
JTB79S ,,
JTB81 ,,
JTB811 ,,
JTB84S ,,
JTB85 ,,
JTB86 ,,
JTB86B ,,
JTB86C ,,
JTE12GE14 ,,
JTE12GE15 ,,
JTE12GE25 ,,
JTE53 ,,
JTI144 ,,
JTI1C ,,
JTI2S ,,
JTI3 ,,
JTI4 ,,
JTI7 ,,
JTI8 ,,
JTT1C ,,
JTT86 ,,
JTW86 ,,
K10 ,,
K12 ,,
K15 ,,
K16 ,,
K3 ,,
K7 ,,
LNP21 ,,
LNP30 ,,
LO11A ,,
LO1213A ,,
LO1217A ,,
LO1219A ,,
LO1221S ,,
LO1227 ,,
LO1229 ,,
LO1231 ,,
LO1233 ,,
LO1233A ,,
LO12350 ,,
LO12351 ,,
LO12353 ,,
LO12355 ,,
LO12357 ,,
LO1235X ,,
LO1237 ,,
LO123A ,,
LO1241A ,,
LO125 ,,
LO126 ,,
LO127 ,,
LO129 ,,
LO12A ,,
LO12A21S ,,
LO12A35 ,,
LO12A39A ,,
LO152A ,,
LO153 ,,
LO154 ,,
LO15A ,,
LO302 ,,
LO7 ,,
LO711 ,,
LO76A ,,
LO76AX ,,
LO77 ,,
LO78AX ,,
LO79 ,,
LO8 ,,
LO9 ,,
LON300 ,,
LON50 ,,
LON500 ,,
LT507 ,,
MA211 ,,
MA212 ,,
MA213 ,,
MA218 ,,
MA220P ,,
MA222 ,,
MA223 ,,
MA224 ,,
MA226A ,,
MA227 ,,
MA230A ,,
MA23D ,,
MA262270 ,,
MA2A3 ,,
MA2A7 ,,
MA2G ,,
MA2G1 ,,
MA2G20 ,,
MA2G35 ,,
MA2G37 ,,
MA2G38 ,,
MA2G39 ,,
MA2G40 ,,
MA2H ,,
MA2MC141 ,,
MA2MC141P ,,
MA2MC200 ,,
MA2MC202 ,,
MA2MC40A ,,
MA2MS11 ,,
MA2MS112 ,,
MA2MS113 ,,
MA2MS113P ,,
MA2MS116 ,,
MA2MS119A ,,
MA2MS11P ,,
MA2MS13 ,,
MA2MS140 ,,
MA2MS182A ,,
MA2MS18A ,,
MA2MS18L ,,
MA2MS19 ,,
MA2MS192A ,,
MA2MS201A ,,
MA2MS213 ,,
MA2MS214 ,,
MA2MS216 ,,
MA2MS24 ,,
MA2MS300 ,,
MA2MS3A ,,
MA2MS3P ,,
MA2MS4 ,,
MA2MS412 ,,
MA2MS412X ,,
MA2MS414 ,,
MA2MS502 ,,
MA2MS612 ,,
MA2MS8 ,,
MA2MS85 ,,
MA2MS85X ,,
MA2MS85Y ,,
MA2MS86A ,,
MA2MS87 ,,
MA2MS88 ,,
MA2MS89 ,,
MA2MSU1 ,,
MA2MSU101L ,,
MA2MSU101R ,,
MA2MSU113 ,,
MA2MSU116 ,,
MA2MSU142S ,,
MA2MSU143 ,,
MA2MSU144 ,,
MA2MSU146 ,,
MA2MSU196 ,,
MA2MSU213 ,,
MA2MSU44 ,,
MA2MSU87 ,,
MA2MSU92A ,,
MA2MSU95 ,,
MA2MSU96 ,,
MA2MSUB2 ,,
MA2RM1 ,,
MA2RM13 ,,
MA2RM20A ,,
MA2RM38 ,,
MA2RM83 ,,
MA311 ,,
MA318E ,,
MA318L ,,
MA319 ,,
MA322 ,,
MA323 ,,
MA324 ,,
MA325 ,,
MA326B ,,
MA326N ,,
MA326WA ,,
MA327 ,,
MA328B ,,
MA328X ,,
MA330 ,,
MA330B ,,
MA330D ,,
MA331 ,,
MA332 ,,
MA342 ,,
MA3A1A ,,
MA3A3 ,,
MA3A3D ,,
MA3A7 ,,
MA3A70 ,,
MA3G1 ,,
MA3G140 ,,
MA3G20 ,,
MA3G25 ,,
MA3G38 ,,
MA3G38B ,,
MA3G38D ,,
MA3G39 ,,
MA3G40B ,,
MA3G40N ,,
MA3G40R ,,
MA3G40SA ,,
MA3GS6 ,,
MA3MC38 ,,
MA3MC40 ,,
MA3MC93 ,,
MA3RM1 ,,
MA3RM18 ,,
MA3RM1R ,,
MA3RM1X ,,
MA3RM2 ,,
MA3RM3 ,,
MA3RM34A ,,
MA3RM35A ,,
MA3RM37 ,,
MA3RM38 ,,
MA3RM3A ,,
MA3RM4 ,,
MA3RM40 ,,
MA3RM41 ,,
MA3RM42 ,,
MA3RM4DA ,,
MA3RM5 ,,
MA3RM6 ,,
MA3RM8 ,,
MA3RM9 ,,
MA3RMGB ,,
MA3RMR ,,
MB ,,
MB11A ,,
MB13B ,,
MB18 ,,
MB19 ,,
MB1A ,,
MB2 ,,
MB20 ,,
MB22 ,,
MB23 ,,
MB24 ,,
MB25 ,,
MB26 ,,
MB27 ,,
MB28 ,,
MB29 ,,
MB30X ,,
MB31 ,,
MB32 ,,
MB33 ,,
MB37 ,,
MB38 ,,
MB40 ,,
MB43 ,,
MB45 ,,
MB46A ,,
MB5 ,,
MB52 ,,
MB54 ,,
MB56 ,,
MB8 ,,
MB9 ,,
MBA1A ,,
MBB1V ,,
MBG1 ,,
MBG20A ,,
MBG40A ,,
MBG40R ,,
MBG5 ,,
MBGS ,,
MCA116 ,,
MCA196 ,,
MCA224 ,,
MCA225 ,,
MCA251 ,,
MCA264 ,,
MCA268 ,,
MCA275 ,,
MCA386AB ,,
MCA419DC ,,
MCA419F ,,
MCA419G ,,
MCA419H ,,
MCA419J ,,
MCA419K ,,
MCA419M ,,
MCA419N ,,
MCA419P ,,
MCA419Q ,,
MCA419R ,,
MCA422AB ,,
MCA422D ,,
MCA422N ,,
MCA422P ,,
MCA422Q ,,
MCA422S ,,
MCA422T ,,
MCA422U ,,
MCA422W ,,
MCA422X ,,
MCA491 ,,
ME MOTOR ,,
ME11 ,,
ME13 ,,
ME24 ,,
ME25 ,,
ME30X ,,
MEBT1A ,,
MEBT1C ,,
MEG40B ,,
MEG40D ,,
MEGP40A ,,
MEGS31 ,,
MEGS3FB ,,
MEHT1001 ,,
MEHTA ,,
MEHTB ,,
MERM ,,
MERM1 ,,
MERM18 ,,
MERM1R ,,
MERM2 ,,
MERM34 ,,
MERM35 ,,
MERM36 ,,
MERM40 ,,
MERM42 ,,
MERM6 ,,
MERM86 ,,
MK10 ,,
MK11 ,,
MK1152 ,,
MK13B ,,
MK18 ,,
MK1A ,,
MK20 ,,
MK21 ,,
MK22 ,,
MK23 ,,
MK24 ,,
MK25 ,,
MK26 ,,
MK27 ,,
MK28 ,,
MK29 ,,
MK3 ,,
MK30A ,,
MK30Y ,,
MK31 ,,
MK32 ,,
MK33 ,,
MK37 ,,
MK38A ,,
MK39 ,,
MK4 ,,
MK43 ,,
MK5 ,,
MK7A ,,
MK8A ,,
MK9A ,,
MKA1A ,,
MKA3 ,,
MKA7 ,,
MKG1 ,,
MKG1B ,,
MKG38 ,,
MKG40R ,,
MKG40SA ,,
MKGP1A ,,
MKGP20 ,,
MKGP30S ,,
MKGP37 ,,
MKGP37B ,,
MKGP38B ,,
MKGP51S ,,
MKL13 ,,
MKL2S ,,
MKU2S ,,
MKU50 ,,
MKU52 ,,
MKU6 ,,
MM ,,
MM11 ,,
MM13 ,,
MM18 ,,
MM20 ,,
MM22 ,,
MM23 ,,
MM24 ,,
MM25 ,,
MM31 ,,
MM37 ,,
MM38 ,,
MM39 ,,
MMBT1A ,,
MMG40R ,,
MMGC ,,
MMGC53S ,,
MMGC54S ,,
MMGC61157 ,,
MMGC62 ,,
MMGC63 ,,
MMGC63350 ,,
MMGC64 ,,
MMGC65 ,,
MMGC66 ,,
MMGC67 ,,
MMLIA ,,
MOL5042B ,,
MOTOR ,,
MR30A1 ,,
MR30A10 ,,
MR30A7 ,,
MR30C19A ,,
MR50A11K ,,
MR50A6 ,,
MR50A9M ,,
MR70 MOTOR ,,
MR70A3 ,,
MR70A4 ,,
MR70A5 ,,
MR70A6 ,,
MR70A7 ,,
MR70C19A ,,
MR70C2 ,,
NA12 ,,
NA13 ,,
NB15 ,,
NB59 ,,
NB61 ,,
NC38 ,,
NC56 ,,
NC66 ,,
NC70 ,,
NDL7 ,,
NDL9 ,,
NDN5 ,,
NFC6 ,,
NFF15 ,,
NFF5 ,,
NFF7 ,,
NH10 ,,
NH108 ,,
NH108H ,,
NH15 ,,
NH16 ,,
NH17 ,,
NH20 ,,
NH22 ,,
NH23 ,,
NH30 ,,
NH34 ,,
NH87 ,,
NJ10 ,,
NJ5 ,,
NJ69 ,,
NJF38 ,,
NT15H ,,
NT59H ,,
NZ163 ,,
NZ18 ,,
NZ20 ,,
NZ209 ,,
OG1 ,,
OG10 ,,
OG11 ,,
OG118 ,,
OG12 ,,
OG15 ,,
OG16 ,,
OG19 ,,
OG2 ,,
OG20 ,,
OG21 ,,
OG22 ,,
OG26 ,,
OG28 ,,
OG3 ,,
OG34 ,,
OG39 ,,
OG4 ,,
OG5 ,,
OG6 ,,
OG7 ,,
OG8 ,,
OR1 ,,
OR10 ,,
OR11 ,,
OR12 ,,
OR13 ,,
OR14 ,,
OR15 ,,
OR16 ,,
OR17 ,,
OR18 ,,
OR19 ,,
OR20 ,,
OR21 ,,
OR23 ,,
OR24 ,,
OR25 ,,
OR26 ,,
OR27 ,,
OR3 ,,
OR31 ,,
OR33 ,,
OR34 ,,
OR35 ,,
OR36 ,,
OR38 ,,
OR39 ,,
OR40 ,,
OR41 ,,
OR42 ,,
OR49 ,,
OR5 ,,
OR50 ,,
OR6 ,,
OR7 ,,
OR8 ,,
OR9 ,,
ORP012B ,,
ORP116A ,,
ORP210B ,,
ORP214B ,,
ORP218B ,,
ORP344B ,,
ORP437B ,,
ORS117 ,,
ORS132 ,,
ORS139 ,,
ORS142 ,,
ORS143 ,,
ORS147 ,,
ORS17 ,,
ORS24 ,,
ORS28 ,,
OS103 ,,
OS105 ,,
OS108 ,,
OS19 ,,
OS20 ,,
OS24 ,,
OS3 ,,
OS45 ,,
OS47 ,,
OS48 ,,
OS49 ,,
OS52 ,,
OS53 ,,
OS54 ,,
OS56 ,,
OS60 ,,
OS62 ,,
OS66 ,,
OS69 ,,
OS72 ,,
OS77 ,,
OS86 ,,
OS94 ,,
P4 ,,
PB20 ,,
PB21 ,,
PB39 ,,
PBH19 ,,
PC3 ,,
PL7 ,,
PM5 ,,
PM6 ,,
PM72 ,,
PM9 ,,
PNE4 ,,
PP1A ,,
PP2A ,,
PP3 ,,
PP3A ,,
PP4A ,,
PP5 ,,
PP5A ,,
PP7A ,,
PP8C ,,
PP9 ,,
PR12312 ,,
PR123132 ,,
PR12315D ,,
PR12315P ,,
PR12315X ,,
PR12317F ,,
PR12317R ,,
PR1231B ,,
PR1231BX ,,
PR1232 ,,
PR123200C ,,
PR123204C ,,
PR12327 ,,
PR12327A ,,
PR12327JA ,,
PR12327P ,,
PR12329D ,,
PR1233 ,,
PR12339D ,,
PR1233X ,,
PR12364 ,,
PR12365A ,,
PR1237DN ,,
PR1237EB ,,
PR1237EC ,,
PR1237ED ,,
PR12380A ,,
PR12381 ,,
PR12381A ,,
PR12382 ,,
PR12383A ,,
PR12384 ,,
PR12385 ,,
PR12387 ,,
PR12388 ,,
PR12389A ,,
PR12391 ,,
PR1239F ,,
PR1239H ,,
PR123BB85 ,,
PR123J13A ,,
PR123J146R ,,
PR123J2 ,,
PR123J27D ,,
PR123J27DA ,,
PR123J27K ,,
PR123J27KA ,,
PR123J27P ,,
PR123J2A ,,
PR123J81A ,,
PR123J81B ,,
PR123J86 ,,
PR133J117 ,,
PR133J15P ,,
PR133J17 ,,
PR133J17B ,,
PR133J17L ,,
PR133J1BX ,,
PR133J27D ,,
PR133J27P ,,
PR133J29D ,,
PR133J2A ,,
PR133J3 ,,
PR133J39D ,,
PR133J3D ,,
PR133J3N ,,
PR133J7N ,,
PR133J80 ,,
PR133J81 ,,
PR133J81A ,,
PR133J86 ,,
PR133J9H ,,
PR14383 ,,
PR14383RS ,,
PR14385 ,,
PR143J68 ,,
PRP1 ,,
PRP11 ,,
PRP12 ,,
PRP13 ,,
PRP2 ,,
PRP3 ,,
PRP6 ,,
PRP7 ,,
PS18 ,,
PSF3 ,,
PT64 ,,
R1041042E ,,
R10410L30 ,,
R10411A ,,
R10411CB ,,
R10412E ,,
R10413S ,,
R10415D ,,
R10416 ,,
R10418B ,,
R10418C ,,
R10418CS ,,
R10418D ,,
R10418E ,,
R10418G ,,
R10418J ,,
R10418K ,,
R10418N ,,
R10418P ,,
R10418RA ,,
R10418T ,,
R10418V ,,
R10418W ,,
R10418X ,,
R1041F1 ,,
R1041F6 ,,
R10421 ,,
R10421DT ,,
R10421W ,,
R10422 ,,
R10426 ,,
R10427A ,,
R1042G ,,
R1044B ,,
R1044NA ,,
R1044WA ,,
R1047WT ,,
R1048WA ,,
R1111EY4 ,,
R1111W ,,
R11120LV ,,
R1112P ,,
R1113N ,,
R1113S ,,
R1117T ,,
R1117T1H ,,
R111S15D ,,
R111S33C ,,
R111S33CB ,,
R111S33H ,,
R111S33L ,,
R111S33S ,,
R125939 ,,
R6830 ,,
R6830V ,,
R683D ,,
R683W ,,
R684KA ,,
R6883V ,,
R911035 ,,
R911042 ,,
R911125L ,,
R911135 ,,
R9111A ,,
R9112 ,,
R9112E ,,
R9115D ,,
R9116 ,,
R9118T ,,
R9118V ,,
R9120LV ,,
R9123 ,,
R9123A ,,
R9124 ,,
R9124A ,,
R9124BJ ,,
R9125 ,,
R9125A ,,
R9127W ,,
R913G ,,
R913N ,,
R913S ,,
R916C ,,
R917AN ,,
R917FTA ,,
R917SA ,,
R918W ,,
R918WL ,,
R919B ,,
R91S15 ,,
R91S15B ,,
R91S1C ,,
R91S27C ,,
R91S33 ,,
R9410L30 ,,
R941135 ,,
R941142 ,,
R9411L30 ,,
R9412B ,,
R9412BA ,,
R9412C ,,
R9412E ,,
R9415 ,,
R9415A ,,
R9416 ,,
R9417 ,,
R9419A ,,
R941A ,,
R941LA ,,
R9420 ,,
R9420A ,,
R9420PA ,,
R9425FA ,,
R9427 ,,
R9427A ,,
R9429 ,,
R942D ,,
R943 ,,
R943332 ,,
R943334 ,,
R943335 ,,
R9437 ,,
R9437S ,,
R947B ,,
R947F ,,
R947N ,,
R947NA ,,
R947T ,,
R947W ,,
R948 ,,
R949 ,,
R94S17 ,,
R94S17C ,,
R94S17D ,,
R94S1B ,,
R94S1F6 ,,
R94S7C ,,
R94S7D ,,
R94SS33P ,,
RB10412C ,,
RB10412E ,,
RB10418D ,,
RB10418P ,,
RB10418S ,,
RB10421 ,,
RB1042W ,,
RB10430 ,,
RB1047B ,,
RB1047F ,,
RB531128 ,,
RB5315D ,,
RB5319 ,,
RB531B ,,
RB5325 ,,
RB5326J ,,
RB5327TE ,,
RB5327TW ,,
RB5327W ,,
RB5327WS ,,
RB532D ,,
RB532P ,,
RB533 ,,
RB5333 ,,
RB5333C ,,
RB5333G ,,
RB5333L ,,
RB5333S ,,
RB537T ,,
RB83 ,,
RB831 ,,
RB8312B ,,
RB8312C ,,
RB83146 ,,
RB83147 ,,
RB83147X ,,
RB8318HA ,,
RB8318J ,,
RB8319 ,,
RB8319D ,,
RB8324 ,,
RB8325 ,,
RB8327TK ,,
RB8327TW ,,
RB8327W ,,
RB8327WA ,,
RB8327WF ,,
RB832X ,,
RB833 ,,
RB8330A ,,
RB8330R ,,
RB833334 ,,
RB833X ,,
RB834AAS ,,
RB834BAS ,,
RB834BASX ,,
RB834BAX ,,
RB834C ,,
RB834D ,,
RB834H ,,
RB834HA ,,
RB834J ,,
RB834K ,,
RB834T ,,
RB835D ,,
RB835RS ,,
RB837D ,,
RB8380RAS24 ,,
RB8385 ,,
RB8386 ,,
RB83S1128 ,,
RB83S27 ,,
RB83S2X ,,
RB83S3 ,,
RB83S33 ,,
RB83S33L ,,
RB9413 ,,
RB9413X ,,
RB9415B ,,
RB9417H ,,
RB9417J ,,
RB942 ,,
RB9420 ,,
RB9420PA ,,
RB9424A ,,
RB9425 ,,
RB9427H ,,
RB9427HA ,,
RB943 ,,
RB943X ,,
RB945PLS ,,
RB947AB ,,
RB947H ,,
RB947LDB ,,
RB9482 ,,
RB9482P ,,
RB9485 ,,
RB949 ,,
RB94EB ,,
RB94SS1135 ,,
RB94SS15B ,,
RB94SS15BA ,,
RB94SS15BB ,,
RB94SS27 ,,
RB94SS27H ,,
RB94SS3 ,,
RB94SS3333 ,,
RB94SS33C ,,
RB94SS33H ,,
RB94SS33L ,,
RB94SS33R ,,
RB94SSB1138 ,,
RHB12 ,,
RHB15 ,,
RHB16 ,,
RHB18 ,,
RHB24 ,,
RHB25 ,,
RM277B ,,
RM279A ,,
RM39 ,,
RM41 ,,
RM49 ,,
RM53 ,,
RM59 ,,
RM67 ,,
RM69 ,,
RM71 ,,
RM73 ,,
RM75 ,,
RM76 ,,
RM77B ,,
RM77BX ,,
RM78A ,,
RM78C ,,
RM79A ,,
RM85S ,,
RM89F ,,
RM91 ,,
RM93 ,,
RM93A ,,
RMA45 ,,
RMA59A ,,
RMA61A ,,
RMA61B ,,
RMA81S ,,
RMB150 ,,
RMB185A ,,
RMB185B ,,
RMB190AS ,,
RMB193 ,,
RMB193A ,,
RMB196 ,,
RMB196E ,,
RMB198 ,,
RMB202 ,,
RMB204 ,,
RMB205 ,,
RMB393 ,,
RMB43 ,,
RMB43G ,,
RMB43GX ,,
RMB43KA ,,
RMB43KAX ,,
RMB47G ,,
RMB47KA ,,
RMB489 ,,
RMB50 ,,
RME10217 ,,
RME1067 ,,
RMEH10100 ,,
RMEH10585 ,,
RMEH1063S ,,
RMEH1067F ,,
RMEH1069 ,,
RMH10125 ,,
RMH10196H ,,
RMH10243G ,,
RMH10243GX ,,
RMH10247G ,,
RMH10369 ,,
RMH1039 ,,
RMH1041 ,,
RMH10585 ,,
RMH10589 ,,
RMH10590 ,,
RMH10592 ,,
RMH10593 ,,
RMH10594L ,,
RMH10594R ,,
RMH10596 ,,
RMH1067F ,,
RMH1069 ,,
RP101K ,,
RP101Q ,,
RP102G ,,
RW12 ,,
RW13 ,,
RW15 ,,
RW18 ,,
RW20 ,,
RW23 ,,
RW24 ,,
RW4 ,,
RW5 ,,
RW6 ,,
RW7 ,,
RW9 ,,
S1711 ,,
S1712 ,,
S1715D ,,
S172542 ,,
S1726A42 ,,
S1736 ,,
S177C ,,
S177CS ,,
S17HT12H ,,
S331017 ,,
S3312 ,,
S3315 ,,
S3315B ,,
S3315D ,,
S3316 ,,
S331B ,,
S331V ,,
S331W ,,
S332628 ,,
S332635 ,,
S3327 ,,
S3327W ,,
S332H ,,
S332P ,,
S333 ,,
S333333 ,,
S333N ,,
S333W ,,
S3347 ,,
S335X ,,
S337A ,,
S337LB ,,
S339 ,,
S3517 ,,
S351C ,,
S351S ,,
S351W ,,
S352528 ,,
S352635 ,,
S3527W ,,
S3528 ,,
S3534 ,,
S3534B ,,
S3534W ,,
S3536R ,,
S3536SA ,,
S3536W ,,
S451 ,,
S4515 ,,
S4515B ,,
S4515C ,,
S4517 ,,
S4517FA ,,
S451BFA ,,
S452535 ,,
S452628 ,,
S452635 ,,
S4527A ,,
S452F ,,
S453 ,,
S4533P ,,
S453D ,,
S457B ,,
S457D ,,
S481 ,,
S4812A ,,
S4813D ,,
S4813E ,,
S4813S ,,
S4813T ,,
S4813X ,,
S48146G ,,
S48146W ,,
S48147 ,,
S48147GX ,,
S48149 ,,
S4815 ,,
S48150 ,,
S4815C ,,
S4815R ,,
S4816 ,,
S4817AX ,,
S4817CA ,,
S481BA ,,
S481BB ,,
S481C ,,
S481D ,,
S481F ,,
S481P ,,
S481PK ,,
S481PL ,,
S481W ,,
S482528 ,,
S482535 ,,
S4825L25 ,,
S482628 ,,
S482635 ,,
S4826L25 ,,
S4827D ,,
S4827G ,,
S4827TKC ,,
S4827W ,,
S4827WA ,,
S4827WC ,,
S483 ,,
S483335 ,,
S4834DA ,,
S4835X ,,
S4836A ,,
S4836AA ,,
S4836B ,,
S4836BA ,,
S4836BB ,,
S4836CB ,,
S4836E ,,
S4836EA ,,
S4836F ,,
S4836G ,,
S4836W ,,
S4837S ,,
S483DA ,,
S483N ,,
S483W ,,
S487A ,,
S487B ,,
S487DA ,,
S487DL ,,
S487DLA ,,
S487F ,,
S487H ,,
S487N ,,
S488BA ,,
S489 ,,
S48B1143 ,,
S48F12AA ,,
S48F12N ,,
S48F13T ,,
S48F13X ,,
S48F147C ,,
S48F147S ,,
S48F147X ,,
S48F150 ,,
S48F15B ,,
S48F17C ,,
S48F17CX ,,
S48F17FB ,,
S48F1PK ,,
S48F1SA ,,
S48F2 ,,
S48F23 ,,
S48F2A ,,
S48F2E ,,
S48F2X ,,
S48F3335 ,,
S48F34D ,,
S48F34DX ,,
S48F36 ,,
S48F36B ,,
S48F37 ,,
S48F7D ,,
S48F7FA ,,
S48F7FE ,,
S48F7LB ,,
S48F7LD ,,
S48F7LF ,,
S48F7LH ,,
S48F7LQ ,,
S48F7TLB ,,
S48F7TLF ,,
S53F15 ,,
S53F15C ,,
S53F16 ,,
S53F1BA ,,
S53F1L ,,
S53F1T ,,
S53F2528 ,,
S53F2535 ,,
S53F2628 ,,
S53F3335 ,,
S53F33A35 ,,
S53F36A ,,
S53F36B ,,
S53F36C ,,
S53F36N ,,
S53F36P ,,
S53F36T ,,
S53F36TA ,,
S53F7D ,,
S53F9A ,,
S551 ,,
S551119 ,,
S5511C ,,
S5512 ,,
S5512B ,,
S5512C ,,
S5512CX ,,
S5515A ,,
S5515B ,,
S5515BA ,,
S5515CA ,,
S5516A ,,
S5517A ,,
S5517LA ,,
S551B ,,
S551C ,,
S551S ,,
S551VC ,,
S551W ,,
S552535 ,,
S552635 ,,
S5527 ,,
S5527A ,,
S5527C ,,
S5527CT ,,
S552CD ,,
S552F ,,
S552WA ,,
S552WD ,,
S5533 ,,
S5533C ,,
S5533P ,,
S5534 ,,
S5535X ,,
S5536CA ,,
S5536E ,,
S5536J ,,
S5536N ,,
S5536RA ,,
S5536SA ,,
S5536WB ,,
S553C ,,
S553E ,,
S553EX ,,
S557 ,,
S557B ,,
S557BN ,,
S557LA ,,
S557LLB ,,
S557LLF ,,
S557LLQ ,,
S559 ,,
S55A1EY3 ,,
S55A1F4 ,,
S5812 ,,
S5815 ,,
S5815C ,,
S5815R ,,
S5816A ,,
S5817CA ,,
S5817CB ,,
S581BA ,,
S5825A28 ,,
S5825A35 ,,
S5825L25 ,,
S5825L40 ,,
S582628 ,,
S5826L25 ,,
S5826L40 ,,
S5827D ,,
S5827G ,,
S5827TC ,,
S5827W ,,
S5827WC ,,
S583 ,,
S583335 ,,
S5834D ,,
S5834G ,,
S5834X ,,
S5835 ,,
S5835W ,,
S5835X ,,
S5836A ,,
S5836B ,,
S5836C ,,
S5837S ,,
S583D ,,
S583DX ,,
S583N ,,
S583X ,,
S587A ,,
S587B ,,
S587D ,,
S587DL ,,
S587E ,,
S587F ,,
S587N ,,
S589A ,,
S58F113 ,,
S58F12 ,,
S58F12A ,,
S58F12AA ,,
S58F12DA ,,
S58F12E ,,
S58F12ED ,,
S58F12K ,,
S58F147X ,,
S58F15B ,,
S58F17 ,,
S58F17A ,,
S58F17C ,,
S58F17FB ,,
S58F17GB ,,
S58F17TB ,,
S58F18 ,,
S58F18C ,,
S58F18KX ,,
S58F18X ,,
S58F1PP ,,
S58F1S ,,
S58F1SA ,,
S58F1SD ,,
S58F2 ,,
S58F20 ,,
S58F24 ,,
S58F27T ,,
S58F2A ,,
S58F2D ,,
S58F2TB ,,
S58F3335 ,,
S58F34D ,,
S58F34DX ,,
S58F34TX ,,
S58F36 ,,
S58F36A ,,
S58F36B ,,
S58F36K ,,
S58F36N ,,
S58F36P ,,
S58F36R ,,
S58F36RA ,,
S58F36T ,,
S58F3D ,,
S58F7D ,,
S58F7DA ,,
S58F7DB ,,
S58F7H ,,
S58F7K ,,
S58F7LB ,,
S58F7LF ,,
S58F7R ,,
S58F7TB ,,
S58F7TD ,,
S58F7TF ,,
S58F7TH ,,
S58F7TLB ,,
S58F7TLD ,,
S58F7TLF ,,
S58F7TLFC ,,
S58F7TLQ ,,
S63F121 ,,
S63F122 ,,
S63F15 ,,
S63F15D ,,
S63F15P ,,
S63F1BA ,,
S63F1D ,,
S63F1T ,,
S63F2 ,,
S63F27B ,,
S63F27BMX ,,
S63F27D ,,
S63F27W ,,
S63F3 ,,
S63F33A35 ,,
S63F34L ,,
S63F34R ,,
S63F3X ,,
S63F7DL ,,
S63F7N ,,
S63F9 ,,
S731VD ,,
S733334 ,,
S7336C ,,
S7336S ,,
S83F MOUNT ,,
S83F100 ,,
S83F101 ,,
S83F112ABX ,,
S83F113 ,,
S83F114 ,,
S83F114BX ,,
S83F115H ,,
S83F116C ,,
S83F117 ,,
S83F118B ,,
S83F118JX ,,
S83F119B ,,
S83F12 ,,
S83F120 ,,
S83F127A ,,
S83F12B ,,
S83F15 ,,
S83F15B ,,
S83F15D ,,
S83F15X ,,
S83F16 ,,
S83F1B ,,
S83F1PK ,,
S83F1T ,,
S83F215H ,,
S83F2528 ,,
S83F2535 ,,
S83F2628 ,,
S83F2635 ,,
S83F3 ,,
S83F3335 ,,
S83F9 ,,
S83F9E ,,
S83SKIT ,,
S93F1 ,,
S93F112AB ,,
S93F27 ,,
S93F2F ,,
S93F7N ,,
SF ,,
SF102A ,,
SF111 ,,
SF11CB ,,
SF13 ,,
SF14A ,,
SF15 ,,
SF162 ,,
SF17 ,,
SF18P ,,
SF214AX ,,
SF2A ,,
SF2L ,,
SF2P ,,
SF4 ,,
SF41 ,,
SF41R ,,
SF42C ,,
SF42LA ,,
SF44A ,,
SF4H ,,
SF62 ,,
SF68 ,,
SF69 ,,
SF69A ,,
SF7 ,,
SF76 ,,
SF76FA ,,
SF78 ,,
SF78B ,,
SF8 ,,
SF81 ,,
SF82 ,,
SF83B ,,
SF83BB ,,
SF86 ,,
SF86A ,,
SF86B ,,
SF86N ,,
SF87 ,,
SF9 ,,
SF92 ,,
SF93B ,,
SF96 ,,
SF96W ,,
SF97 ,,
SF99A ,,
SF99D ,,
SFH102 ,,
SFH104PA ,,
SFH137 ,,
SFH138 ,,
SFH140A ,,
SFH141A ,,
SFH142 ,,
SFH143 ,,
SFH145 ,,
SFH146 ,,
SFH17 ,,
SFH245 ,,
SFH246 ,,
SFH247 ,,
SFH39 ,,
SFH50 ,,
SFH50X ,,
SFH99 ,,
SH101 ,,
SH103 ,,
SH106 ,,
SH110 ,,
SH12 ,,
SH120 ,,
SH122 ,,
SH126 ,,
SH129 ,,
SH130 ,,
SH133 ,,
SH135 ,,
SH136 ,,
SH140 ,,
SH153 ,,
SH156 ,,
SH158 ,,
SH159 ,,
SH163 ,,
SH164 ,,
SH168 ,,
SH169 ,,
SH171 ,,
SH214 ,,
SH26 ,,
SH30 ,,
SH37 ,,
SH53 ,,
SH58 ,,
SH64 ,,
SH68 ,,
SH683 ,,
SH75 ,,
SHA10 ,,
SHA11 ,,
SHA15 ,,
SHA23 ,,
SHA24 ,,
SHA25 ,,
SHA27 ,,
SHA28 ,,
SHA4 ,,
SHA43 ,,
SHA46 ,,
SHA5 ,,
SHA6N ,,
SHA7 ,,
SHA9 ,,
SHC13G ,,
SHC13GC ,,
SHC13GE ,,
SHC13LL ,,
SHC13MB ,,
SHC13MC ,,
SHC13MD ,,
SHC13W ,,
SHC170 ,,
SHC17B ,,
SHC17G ,,
SHC17HA ,,
SHC17Q ,,
SHC17R ,,
SHC17S ,,
SHC17SM ,,
SHC27A ,,
SHC30 ,,
SHC32 ,,
SHC33 ,,
SHC50M ,,
SHC51M ,,
SHC52 ,,
SHC53 ,,
SHC53M ,,
SHC64 ,,
SHC72 ,,
SHC75 ,,
SHC78 ,,
SHC92 ,,
SHC98 ,,
SHCBDN12 ,,
SHCBDN14 ,,
SM4 ,,
SP2712 ,,
SP2715 ,,
SP2715C ,,
SP2717 ,,
SP2717E ,,
SP272X ,,
SP277C ,,
SP279 ,,
SP27B1 ,,
SP27B36 ,,
SP27B36C ,,
SP27B36DC ,,
SP27B36E ,,
SP27B36F ,,
SP27B36K ,,
SP27J7D ,,
SP27K7E ,,
SP5 ,,
SP7 ,,
SP8 ,,
SP9 ,,
SPD7 ,,
SRR3 ,,
T2310RS ,,
T2311 ,,
T2312H ,,
T2312SC ,,
T2312Y ,,
T2315 ,,
T2315B ,,
T2315D ,,
T2316 ,,
T2319 ,,
T233 ,,
TB33 ,,
TFL240 ,,
TFL6140P ,,
TFL6182P ,,
TFL625 ,,
TFL629 ,,
TFL629H ,,
TFL629KP ,,
TFL630A ,,
TFL631 ,,
TFL632 ,,
TFL633AS ,,
TFL633DS ,,
TFL635 ,,
TFL638 ,,
TFL640A ,,
TFL640PA ,,
TFL643 ,,
TFL643X ,,
TFL680 ,,
TFL680F ,,
TFL680H ,,
TFL682 ,,
TFL682A ,,
TFL682PA ,,
TFL683 ,,
TFL685 ,,
TFL686 ,,
TFL687 ,,
TNB4 ,,
TRR1 ,,
TRR10 ,,
TRR11 ,,
TRR14 ,,
TRR15 ,,
TRR18 ,,
TRR2 ,,
TRR20 ,,
TRR23 ,,
TRR25 ,,
TRR26 ,,
TRR28 ,,
TRR3 ,,
TRR30 ,,
TRR31 ,,
TRR33 ,,
TRR34 ,,
TRR35 ,,
TRR36 ,,
TRR39 ,,
TRR4 ,,
TRR40 ,,
TRR5 ,,
TRR50 ,,
TRR53 ,,
TRR59 ,,
TRR6 ,,
TRR61 ,,
TRR68 ,,
TRR7 ,,
UCP1 ,,
UCP3 ,,
VC13 ,,
VC55J ,,
VC58 ,,
VC72AA ,,
VC77A ,,
VC77B ,,
VC77C ,,
VC84 ,,
VC84C ,,
VC84D ,,
VC84E ,,
VC84G ,,
VC84H ,,
VC84J ,,
VC84K ,,
VC84L ,,
VC84M ,,
VC84N ,,
VC84T ,,
VC85 ,,
VC85B ,,
VC85C ,,
VC85D ,,
VC85E ,,
VC86 ,,
VC87 ,,
VC87A ,,
VD1 ,,
VL030C ,,
VP411 ,,
VP413 ,,
VP415 ,,
VP417 ,,
VP419 ,,
VP421A ,,
VP423 ,,
VP427A ,,
VP43 ,,
VP433 ,,
VP435 ,,
VP435G ,,
VP439G ,,
VP441DS ,,
VP445 ,,
VP447 ,,
VP449 ,,
VP45 ,,
VP453 ,,
VP453A ,,
VP455 ,,
VP457 ,,
VP47A ,,
VP49 ,,
VP4B51 ,,
VP811 ,,
VP815 ,,
VP821B ,,
VP825 ,,
VP833 ,,
VP87A ,,
VP89 ,,
VT61 ,,
W10 ,,
W12 ,,
W14 ,,
W16 ,,
W18 ,,
W6 ,,
W8 ,,
WC1 ,,
WF10 ,,
WF12 ,,
WF13 ,,
WP10 ,,
WP11 ,,
WP12 ,,
WP14 ,,
WP17 ,,
WP2 ,,
WP20 ,,
WP28 ,,
WP3 ,,
WP31 ,,
WP33 ,,
WP40 ,,
WP43 ,,
WP45 ,,
WP50 ,,
WP55 ,,
WP56 ,,
WP58 ,,
WP59 ,,
WP7 ,,
WP85 ,,
WS34 ,,
WS36 ,,
WS38 ,,
X1058531 ,,
X1402236 ,,
X1402634 ,,
X1402634-T1 ,,
Y04094 ,,
Y12257 ,,
Y1409077 ,,
Y1409077-T1 ,,
Y1501301 ,,
Y1501302 ,,
Y15040-07 ,,
Y21910 ,,
Y21911 ,,
Y25040-08 ,,
Y25120-01 ,,
Y25120-21 ,,
Y27808 ,,
Y27938 ,,
Y27940 ,,
Y27948 ,,
Y28284 ,,
Y28285 ,,
Y28288 ,,
Y28406 ,,
Y28427 ,,
Y3501301 ,,
Y3501306 ,,
Y372180 ,,
Y594462 ,,
Y594994 ,,
Y736145 ,,
Y737364 ,,
Y737365 ,,
Y75128-30 ,,
Y75128-36 ,,
Y75157-04P ,,
Y75157-24 ,,
Y910002 ,,
YL68149 ,,
Z1 ,,
Z4 ,,